,TCGA.3C.AALI.01,TCGA.A2.A0T7.01,TCGA.A2.A0YC.01,TCGA.A7.A13E.01,TCGA.A7.A6VV.01,TCGA.A7.A6VX.01,TCGA.AN.A0XP.01,TCGA.AO.A12G.01,TCGA.AR.A1AI.01,TCGA.AR.A1AR.01,TCGA.AR.A1AS.01,TCGA.AR.A24L.01,TCGA.AR.A24T.01,TCGA.B6.A0RM.01,TCGA.B6.A0X7.01,TCGA.B6.A1KF.01,TCGA.BH.A0DV.01,TCGA.BH.A0E0.01,TCGA.BH.A0E2.01,TCGA.BH.A0H0.01,TCGA.BH.A0HI.01,TCGA.BH.A0RX.01,TCGA.BH.A1F2.01,TCGA.BH.A202.01,TCGA.BH.A6R9.01,TCGA.C8.A1HO.01,TCGA.C8.A26X.01,TCGA.C8.A3M7.01,TCGA.D8.A1XZ.01,TCGA.D8.A1Y2.01,TCGA.D8.A27L.01,TCGA.E2.A1IF.01,TCGA.E2.A9RU.01,TCGA.E9.A1N5.01,TCGA.E9.A1R0.01,TCGA.E9.A1R7.01,TCGA.E9.A245.01,TCGA.E9.A5FK.01,TCGA.EW.A1IY.01,TCGA.EW.A1OZ.01,TCGA.EW.A6S9.01,TCGA.EW.A6SD.01,TCGA.HN.A2OB.01,TCGA.LL.A440.01,TCGA.OL.A66K.01,TCGA.PL.A8LV.01,TCGA.PL.A8LY.01,TCGA.S3.AA15.01,TCGA.WT.AB41.01,TCGA.Z7.A8R5.01
hsa.let.7a.1,-0.301683871,0.455432935,2.032888067,-0.43581541,0.743932501,1.076456891,0.439378069,1.117084482,-1.770156404,-0.65953037,0.761670097,0.006423371,-0.114507934,1.030039249,-1.207090845,-1.171906795,2.308137095,-1.137355288,3.09433867,1.74575845,-0.102987285,-0.657360982,-0.152135532,-0.200340235,-0.459668398,1.239990375,-1.199358189,-0.246894425,0.786205822,-0.666676706,0.270674966,0.104104368,-1.542802721,-0.769764766,0.715406516,0.336758563,1.861660217,0.013495558,-0.746701816,-0.438284526,-0.287060206,-2.892113093,0.822968269,0.295733195,-0.498753569,-0.797412963,0.262297777,-1.233870098,-0.086149483,-0.211877876
hsa.let.7a.2,-0.318008846,0.502946379,2.033507106,-0.448788606,0.731395682,1.069406562,0.464186706,1.108508182,-1.74321753,-0.664695245,0.768794274,-0.023109209,-0.097207912,1.006941327,-1.204401365,-1.174207191,2.310838231,-1.176225944,3.107214297,1.765816767,-0.082011612,-0.654825147,-0.166955005,-0.234352794,-0.471979067,1.236475038,-1.183456431,-0.239473603,0.799069913,-0.618640209,0.283029599,0.153457371,-1.548694491,-0.770688347,0.683657929,0.322829577,1.857592108,-0.007311825,-0.754018555,-0.421676607,-0.285983598,-2.884651399,0.828600994,0.316793947,-0.488163057,-0.780187735,0.264193242,-1.256697751,-0.074379665,-0.210525384
hsa.let.7a.3,-0.301310323,0.514632753,2.063187681,-0.430907316,0.74106773,1.075446633,0.460032886,1.160786555,-1.682504047,-0.690401663,0.786257594,-0.014953378,-0.115293172,1.000331788,-1.163836207,-1.175745179,2.327081631,-1.014183864,3.115457351,1.760260806,-0.099095735,-0.725017504,-0.197936723,-0.205162387,-0.496064665,1.250712997,-1.209480811,-0.255569389,0.832902732,-0.692687904,0.276276511,0.172757855,-1.565836423,-0.782257079,0.691990292,0.335614706,1.866428326,-0.009338362,-0.809669107,-0.427230129,-0.290634009,-2.89845339,0.804029716,0.295295987,-0.500911519,-0.817222541,0.292169116,-1.214078093,-0.102882547,-0.220135324
hsa.let.7b,0.419859211,-0.129164245,1.65481016,0.062448859,1.234864768,0.434852698,1.369935369,1.34498657,-0.565617953,-0.27280146,1.007340485,-0.54337998,0.257004811,0.914950706,-1.638640577,-0.397900821,2.034578649,-0.774536877,1.649114858,1.686883251,0.071295987,-1.024471293,-0.109678247,-0.694259952,-0.096044305,1.375383454,-0.65664349,-0.435369697,0.6275552,-0.457436735,0.001534122,0.240609089,-0.724303732,-0.273367844,1.514738796,-0.789674905,1.141570206,-0.659704792,0.721261301,-2.027179348,0.190344988,-3.336785972,1.234358564,-0.4351366,0.301468654,-1.377750706,0.557360601,-0.831529587,-0.342075098,0.177654928
hsa.let.7c,-0.715962624,0.890173113,-0.698634924,0.604875865,-0.035509603,-0.618645799,-0.501850378,0.00013544,-0.171443562,0.637123833,-2.037148559,0.374131432,0.892841988,-0.978290094,-1.944389357,2.674569861,1.663589415,-0.464669029,0.112051181,0.2860205,-0.322231758,0.454878218,0.477685068,-0.196361922,0.127692212,0.659770739,-0.890496369,1.017790843,-0.568702266,-0.447209393,0.804374697,1.159086363,-0.894997519,-0.775421024,0.978299895,0.195220818,0.007917239,0.783986616,0.037291817,-1.187374589,-0.463142814,-2.510006398,1.45856564,1.214740523,0.4712748,-0.277411364,1.741134334,0.495241371,0.506727784,1.070327797
hsa.let.7d,0.460974991,-1.246289744,-0.106951217,1.23087995,0.621672996,0.969941007,-0.448379118,0.455239515,1.909989051,1.535019951,0.025811148,-0.528785477,-1.691299018,-0.659425943,0.428794896,1.451547288,0.436043991,1.697905133,-0.411961398,-0.075044507,-0.405456103,0.59629676,0.019521087,0.799589858,0.056338452,1.081950828,-0.846403445,-1.948163594,1.254324957,-1.187535772,-1.179759307,-0.194401741,0.110277316,-1.126672752,-0.021962938,0.204495736,-1.370408178,-1.388019089,-0.230846577,-1.329840742,-0.013793494,-2.751498894,-1.294261243,-0.524577598,-0.815729289,1.815086538,-0.621690917,0.05848151,0.627048075,-0.716526217
hsa.let.7e,-1.999303874,0.002383153,0.921686151,0.179783633,1.061778275,1.165767449,-1.425418019,1.081858217,-3.008949515,0.625829641,0.97828132,0.692185657,-1.239838451,-0.36381761,-0.834208967,0.151189654,1.71598803,0.320265007,1.031306362,1.097647541,-0.83957428,0.286822748,-0.092673536,-0.175302934,0.437470468,1.484150585,-2.207078245,-1.952722893,2.11632916,-0.850918771,0.510144834,0.075846724,-0.808417518,-1.806519735,0.356137112,0.72646468,0.925560399,-0.483199251,-1.074045304,-0.428059445,-0.186091813,-1.01905826,0.188889136,0.908419239,-1.361485127,-1.51819587,-0.999096177,-0.391949399,0.30306441,-0.598472933
hsa.let.7f.1,-0.659788066,-0.642024426,0.299332322,-0.679461552,0.021739579,1.575874017,-0.473851681,0.530816407,-0.961158321,0.550518201,0.257107603,-0.42643534,-0.7799331,0.030963264,0.081167908,-1.049857908,1.964712759,-0.201745227,2.70864261,0.144599992,0.175314247,0.108990822,-0.361411022,0.07019297,-0.687390146,0.831896912,-0.392364228,0.18115966,0.63814116,-0.24101231,0.849597353,0.19855449,-0.98741802,-0.449629035,-0.561553605,0.177492628,-0.215737955,1.329737806,-1.205280007,-1.979085718,-0.745573658,-2.922337269,-1.097243541,0.906819141,-1.661183822,0.658922497,-0.280965932,-1.065230134,0.798165227,-0.229773752
hsa.let.7f.2,-0.651943151,-0.661202723,0.400658688,-0.656240607,0.017195613,1.577766977,-0.549209485,0.559183459,-0.953342838,0.58709111,0.245211038,-0.382857629,-0.779776472,-0.067349537,0.089184194,-1.087055675,1.97565037,-0.077332553,2.707717572,0.267892029,0.108678606,0.068056727,-0.355888208,0.036761705,-0.661622004,0.816680074,-0.372504109,0.178990732,0.564954248,-0.233279442,0.858106586,0.224723241,-1.072180157,-0.460771669,-0.560693451,0.225138067,-0.204609696,1.302388812,-1.178451608,-2.094138847,-0.746935086,-2.911702817,-1.064398502,0.907068691,-1.604333964,0.686287314,-0.252106,-1.049740317,0.818886369,-0.190906436
hsa.let.7g,-1.050265579,-1.286921935,0.513993672,0.442402194,-0.257348234,-0.10209062,-0.649521512,-0.736417495,-0.261089661,1.617670061,0.646749108,-0.841195984,-3.263563634,-0.732833373,1.015439799,1.161103158,0.958336556,2.05915383,0.012640969,0.684153002,0.087258466,0.460614278,-0.305324187,1.431694924,-1.501488131,2.048255773,0.980694161,-0.362799259,1.168544997,-1.48187491,-0.080443357,0.916040072,-0.864099447,-0.875979865,0.308151601,0.686450995,-0.215529541,0.642949236,-0.832641069,-1.903846193,-1.03231576,-3.215732057,-1.592137081,-0.14816271,-1.613617265,1.325588221,-0.00927985,0.470768625,1.183321527,-0.465549464
hsa.let.7i,-0.901637853,-0.44711671,-0.091649479,1.265359296,0.294515551,-1.005632009,0.119363538,-1.402578389,0.316320757,0.607864124,-1.30385221,0.011172557,-1.150891981,-1.202711939,0.657290473,-0.848915333,0.402014532,0.002107119,1.213233217,-0.604699387,-1.052658362,1.779891463,0.392948496,0.923288326,1.241803006,1.084055742,0.800038144,-0.42065896,0.895087224,0.227007229,-0.24880171,0.944433293,-0.083247327,-0.818467091,0.018809256,0.215713596,-1.271856132,0.388870494,-0.320692927,-0.83347576,-0.984733671,-2.799019059,-0.045073986,1.121013205,-0.879892708,0.739764786,1.932873541,1.796259446,0.335838131,1.345377473
hsa.mir.1.1,-0.957563159,-0.06380044,0.410090041,-0.459639098,0.384568261,-0.912298137,-1.152391714,0.653711428,-0.293729346,-1.155423909,-0.141820417,-1.21047768,-1.366945932,6.652199836,-0.073442363,0.526676468,5.089237055,0.166628838,-0.606249165,2.696201555,0.484123323,0.630689353,2.121518563,0.779003876,-0.462133133,0.488270891,-0.672482451,1.724491641,0.194468995,-0.970762454,0.72783035,1.056876129,-0.231838151,3.407736611,-0.765385148,1.20294372,0.05398191,0.154083205,-0.558786403,-0.557585476,-0.209532252,-1.351612135,-0.347179408,1.46029502,0.424024518,-0.942687516,0.875379742,1.15899147,-0.208908451,-0.568302838
hsa.mir.1.2,-0.71501466,-0.106876128,1.121477118,-0.580633019,0.703898114,-0.335545575,-1.256121763,-0.84309877,-0.099700268,-0.086734551,-0.58051716,-0.853097548,-1.431335351,6.488701906,-0.035589322,0.560018916,4.964518122,0.338000081,-0.704577398,-0.950399733,0.274136344,0.4037086,1.846740769,1.179075215,-1.30339915,0.931034493,-0.736732964,2.009924328,0.009712264,-0.447217899,0.640398322,-0.597137037,-0.407196429,-1.108715872,-0.361865356,1.480522562,-0.229647345,0.636162974,0.3498759,-0.371524501,-0.556577922,-1.158629319,-1.30360696,1.621378349,0.234927733,0.010889443,1.382612466,1.759491794,-0.387529669,0.051293262
hsa.mir.100,-0.810860677,0.965294827,-0.086187892,-0.241753089,0.233948447,-1.076066425,0.343702252,0.052098004,-1.620370354,-0.68411538,-1.480820525,-0.299581204,0.667831242,0.037666603,-0.677935743,0.341104926,0.903905994,-0.448866679,1.482082747,-0.82870556,-0.487751797,1.836919151,0.594621417,-0.431068395,0.595442725,-0.170605483,-0.019591432,1.553662579,0.441599153,1.433277847,0.542810468,0.713642087,-0.452098427,-0.592940473,-0.00485106,0.234280343,-0.758877801,0.046746058,-0.483057543,-0.519940343,-0.479473395,-1.425595247,0.794879051,0.856569662,0.670069455,-0.53225784,1.51962762,0.505904313,0.826541964,1.132516309
hsa.mir.101.1,-2.419544206,0.489903519,0.893569663,0.726147741,-0.230666337,-0.112674118,-0.852199891,1.087428582,-0.577381041,0.38035078,-0.194089547,-0.846027549,0.348445117,1.564916362,-0.276300411,-1.580153549,-1.609059909,-0.300470877,-1.637115985,2.397888556,-0.360389125,0.37602504,-0.45571183,-0.877504656,-1.588294656,1.444507509,-0.726048601,0.204081397,0.434897465,-0.076430315,-0.187142141,0.248826029,-1.885246041,0.223069825,0.066356622,-0.257037317,0.023811375,0.776894023,-0.683796261,-1.10756997,-0.601282921,-2.458904007,-0.306381783,-0.923935981,-0.147931868,-0.376548621,0.077450398,-0.523248984,1.419372668,0.922135647
hsa.mir.101.2,-2.470944505,0.452500394,0.970854183,0.758265223,-0.22169828,-0.106656167,-0.751434089,1.100669806,-0.585104617,0.376276824,-0.207810568,-0.860933894,0.359760876,1.566585145,-0.318657718,-1.572262579,-1.542720901,-0.317797402,-1.641420457,2.402413287,-0.371283965,0.405383576,-0.447648082,-0.867232826,-1.564803391,1.431085345,-0.76403814,0.247315091,0.414521023,-0.084266479,-0.159355344,0.19894335,-1.933987381,0.245826147,0.032549974,-0.262815398,0.001772706,0.788333323,-0.681031116,-1.131976389,-0.609208554,-2.469560611,-0.298748723,-0.855085068,-0.143769759,-0.384835219,0.116633359,-0.523703441,1.397306959,0.918983084
hsa.mir.103a.1,-0.996695735,0.987821512,0.494867395,1.060721691,0.892063129,0.062532189,-0.563218774,0.150492773,0.744991554,0.328349294,-1.204387424,-0.738008102,-1.420335724,0.786499314,0.16064391,-0.522588185,-1.76047986,0.14548203,1.171853938,0.579141154,0.592846534,-0.463615664,-0.884529019,0.00662549,-1.56775516,-0.253236867,-1.631366066,-1.316044647,-0.199071884,0.471274695,0.576836899,-0.440326181,0.842418527,-0.994038682,-0.028321392,0.004939446,-0.447826401,1.38082992,-1.328958694,0.645256674,0.670511387,-1.211819691,-1.28715045,0.304180938,-0.474473192,0.969192423,-0.443175909,-0.919917179,1.137033919,-0.371753996
hsa.mir.103a.2,-0.968895946,0.993735613,0.505584475,1.059406714,0.91405039,0.076667316,-0.571109345,0.171084048,0.796278201,0.295210522,-1.214921127,-0.773206053,-1.448885688,0.730467913,0.154086026,-0.527232355,-1.784013026,0.111088056,1.177483041,0.583076653,0.601716557,-0.409077675,-0.923245723,-0.006897554,-1.584383647,-0.23569911,-1.677336823,-1.332622567,-0.210669426,0.451829038,0.549216195,-0.484547556,0.827067438,-1.05832372,-0.035499089,0.021731552,-0.441947518,1.376736433,-1.310833275,0.601970693,0.684113234,-1.205146528,-1.248682626,0.312646011,-0.482083982,0.980751867,-0.447083699,-0.927794296,1.145158465,-0.382750682
hsa.mir.106a,1.274290661,-0.404088376,-0.667726318,-0.576754496,-1.124874309,1.008310654,0.258373979,-0.415871342,2.286902212,0.734823156,0.289191423,-0.550179051,-1.129082422,0.219484893,0.447918849,0.455275993,-1.524170436,2.012946202,-1.632949403,0.814515434,-0.794854477,0.691012562,0.678396319,1.182736025,-2.364187624,0.453397274,-0.455910479,0.384834614,1.146356472,-0.657393049,-1.666943723,0.519662002,0.751198057,-0.734039246,-0.667310422,-0.030517312,-1.777410556,0.773193679,-0.414660674,0.391736975,-1.349173772,-1.436362822,-0.567369601,0.187483326,0.335574426,-0.015543807,-0.687762426,0.001825439,-0.434133045,-0.39037406
hsa.mir.106b,0.212009639,-1.149323443,-0.120632101,1.785577426,1.083611483,-0.457222567,-0.823858495,-0.077488323,1.485943039,1.208683367,-0.410905616,-1.202245854,-2.231922089,-0.14762649,1.104498868,1.81176294,-1.745093547,1.604192304,-0.081558026,0.649079267,-0.962434482,0.776945374,-0.114992392,0.083545552,-1.102505177,0.722547413,-0.284635256,-0.725537493,0.802515733,-0.548490069,-1.502152567,-0.603224042,1.068557417,-0.320166653,-0.04027114,-0.396455255,-1.125001913,0.396758389,-0.530841493,-0.839111613,-0.195819035,-0.743761055,-1.882493804,-0.820771333,-1.302608549,1.932742998,-0.69975309,-0.44738735,0.067050504,-1.124128517
hsa.mir.107,-0.692410543,-0.207308328,-0.118464998,1.261327791,0.289766763,0.057103302,0.772039169,-0.501558116,0.658984567,0.335365211,-1.488535438,-1.692933559,-2.887754355,0.282581929,0.741701587,0.089670606,-1.041835615,1.320795084,0.596324924,0.771968073,0.308127242,0.032745144,-0.741133248,0.381863998,-1.713456348,1.389372799,-1.320314163,-1.79321767,-0.262036516,-0.24756239,-0.305888935,-0.487298562,0.309711742,-1.323178069,0.405217916,-0.647548451,-0.355787892,0.485568956,-0.945308661,-0.769456956,1.525813735,-1.167507064,-1.666163522,-0.548072021,-1.393371566,0.758324864,-1.623652312,-1.40994221,1.859822348,-0.924464096
hsa.mir.10a,1.682139665,0.214469707,0.068736093,-1.217350177,-0.473530518,2.834670374,1.612382778,-0.546736248,-1.449003294,-1.599537523,-0.525619441,-0.015903896,0.363134447,-1.028347453,1.246616466,-0.773904818,0.456686635,1.206488737,-0.2581492,-1.170106562,2.258267528,-0.410587064,0.479801134,-0.537748829,0.753521181,-1.367675081,-0.991392402,0.673793489,-0.053435869,1.07871982,1.412158798,0.480674399,-0.87214727,-0.739596856,0.22022575,0.176694047,-1.24828301,0.619550032,1.659608038,-0.601358219,-0.82222799,0.653983644,0.964090857,0.135297787,1.579921329,-0.802757147,-0.108855921,-0.23010603,-0.47625836,-0.040926643
hsa.mir.10b,-0.659340206,0.289216111,0.258340146,-2.025687126,-0.635913788,0.397098911,0.001224801,0.187100252,-1.099745252,-0.991290827,-1.168509181,0.243526169,0.691798596,-1.129076589,-1.466278545,-0.285474901,0.728426798,-0.807608243,-0.603991947,-0.545452262,0.303399038,0.107201881,0.952825647,1.216369021,0.391613744,-1.206892116,1.318865816,1.19672804,-0.745605457,0.895701755,0.35979264,0.963460782,-1.247181021,-0.519809769,0.753052771,1.189492658,-1.06209688,1.523048665,-0.479580558,-0.400121688,-0.796441266,-1.863765181,1.163016662,0.728614356,0.273283082,-0.3529444,2.201019343,0.253859022,1.371654798,0.567241052
hsa.mir.1180,-0.15873402,0.140959632,1.228779066,1.571718742,0.00865333,-0.585890078,-0.931895346,-1.291392488,1.868931981,-0.948012012,-0.46088714,-0.033759922,-2.122300072,-0.050671329,-0.353541293,0.876102594,-0.558411602,1.066374326,1.054019526,-1.168183327,-0.783155463,-1.549291391,-0.670698364,-0.060769523,-0.880613163,0.262774314,-0.076333194,-2.010810239,2.147298266,0.130939414,1.163971576,-0.258468524,0.959416967,-2.149973349,0.455784941,-1.21548658,1.535908873,-0.548582588,1.032699047,-1.847433976,-0.021200879,-0.594147625,-0.302167863,-0.82367586,-0.342342673,-0.441410121,0.234793257,0.090316852,-0.334818142,-0.491623799
hsa.mir.1226,-0.176348067,-0.601163394,-0.710532361,2.302402148,-0.285320459,-0.767858975,0.335717895,-0.983761674,0.436364435,1.281721897,0.249051842,-0.627850364,-1.461814505,0.159119485,0.950620359,1.550387642,-0.634612049,2.216364781,-0.041000761,-1.022446824,-1.145936291,-0.418538117,-0.09044969,1.185229752,-0.899156929,0.566459836,-1.091434328,-1.661690147,1.040375744,-0.146621846,-0.671068436,-0.632752554,1.21116267,0.30979206,-0.0354441,-0.660412377,0.21458588,-0.916129049,-1.290474374,0.776201203,-0.72005749,-0.478372506,-0.219938389,-0.977913328,-0.991090997,-0.379586927,0.505117437,2.56702825,-1.081900419,-0.980778555
hsa.mir.1228,-1.229212252,-0.468836816,0.427889915,0.577449144,0.26690875,-0.736442439,-0.13950363,0.690338813,0.04510274,0.515423629,0.545245963,-1.806318862,-2.022406062,0.458645366,2.013876631,0.319544827,0.374489592,-0.66619978,-0.484241652,-0.451178262,1.364854817,1.38871417,-0.335836134,1.720447794,0.927287518,-0.95400321,-0.009832687,-1.434214382,-1.207095909,0.513592882,-1.04093838,1.567571794,-0.960422982,-0.32335926,1.491233047,0.154308047,0.010947175,-1.427078978,-0.707881994,-0.089392562,-0.991128294,-1.113948762,-1.019485492,2.61157945,-1.302409344,-1.215852656,0.135395834,2.291394046,2.027521274,0.548008212
hsa.mir.1245a,-0.480413739,0.494398167,0.678139513,-1.301326576,0.09785969,0.764945404,-1.070895296,-0.216354477,-1.689467375,1.522025615,-0.50322575,0.128144601,0.773063058,0.280021774,-0.683641637,-0.115762984,1.612672929,0.494742993,-0.189691349,0.20488729,0.121082663,0.468735385,0.854484353,-1.437412757,1.748646626,-1.506709256,-0.403357061,-1.041482118,-0.519242424,-1.123288936,0.719154606,2.741908507,0.283804502,0.69543028,0.315357943,-0.682578954,-1.380557285,-0.282856459,-0.142768137,-0.318738024,0.345500161,-1.624952924,1.135527733,2.848518943,0.635835206,-0.587430331,0.793370124,1.84739242,0.89361681,-0.206232544
hsa.mir.1247,-0.90984694,0.151888916,-1.146988206,-1.971517967,0.735846472,-1.63015696,-1.133430892,0.0049963,-0.966558256,0.332406748,-1.971453119,-1.743862583,-0.327972272,-0.695311547,2.126604707,0.214779331,1.42836767,-1.32723232,-1.322833793,-1.216930806,-0.005860392,0.755427371,0.104557059,2.336124636,0.294484862,0.26404435,1.045916163,1.522808051,-0.436376095,0.774292068,0.707656276,1.014715011,0.210943641,-0.392334937,0.271136298,-0.5104409,-1.016651909,-0.795623198,0.533688226,0.350833592,0.761032526,-0.844083219,0.560127,0.360765922,0.21581814,-0.603450244,1.581586636,0.613123105,0.137394012,1.930646924
hsa.mir.1248,-1.08293098,-1.523983567,-0.182936786,-0.180803785,-0.92738531,0.056120911,-0.468986825,-0.220527971,0.634386411,4.077477224,0.615928425,-0.543752492,-0.775633475,-1.415326754,-0.732320353,0.022240929,-0.267916475,1.357457337,-0.056118135,-1.155454222,0.068781516,0.798470968,-0.004019099,0.554894218,-0.590374484,1.483502094,1.510567573,-0.718188333,0.776496469,0.106708738,-0.807133519,2.323987482,1.580409334,-1.031633187,0.848167837,-0.404014291,-0.878929986,1.443061135,-0.733350357,-1.042616303,-0.04272778,-1.197422712,-1.705484921,-0.772712631,-0.23860639,3.152757573,-0.194961891,-1.147050607,-0.155410205,-0.042694651
hsa.mir.1249,-1.401248974,-0.578298395,-0.16962988,1.12038033,0.062424748,-0.470679966,-1.516470294,0.669033769,2.380381316,0.141577125,-0.307588885,0.702664101,-1.716661325,-0.837809576,-0.842782961,0.186060934,-0.088735694,1.672552824,-0.567232897,0.076897842,0.120468998,-1.520775606,1.229090194,0.93932426,1.63791438,0.613865311,0.491759764,-1.89305913,0.991142465,0.996983649,-0.928714217,1.037998573,-1.114798575,0.460243077,1.55270048,-0.757842265,-1.731213497,-1.576976896,-0.587902288,0.629318171,-0.148379572,-2.087237632,-0.316303156,1.571251572,-0.886603803,-0.02497428,0.43533562,-0.261241021,2.375870882,0.774916732
hsa.mir.125a,-2.003895138,-0.071596969,0.786000122,-0.434644009,0.13440723,0.101977783,-0.364660516,0.416999089,-2.627299966,0.45773662,1.219959532,0.644085379,-0.798130643,-0.282940908,0.203155153,-0.026440643,1.731371838,-0.604992031,1.669574901,0.433771253,-1.525953423,-0.253316969,0.327118455,-0.440207098,-0.165723647,2.031830784,-2.709458059,-1.120079357,2.251145423,-1.28096297,-0.34717821,0.140885645,-1.406788042,-1.371941298,0.764838013,-0.464638072,0.827220392,-1.39666916,-0.848868984,-1.225812317,-0.497820908,-0.69239759,0.833573135,-0.399524574,-0.425032532,-1.592865847,0.023063291,-0.244446583,0.779902523,0.77437546
hsa.mir.125b.1,-0.483968295,0.588802321,-0.697577829,-0.057177792,0.138227604,-0.90289798,0.43809676,-0.371389295,-1.234510655,0.017844627,-0.913407989,-0.020402789,0.008738722,-1.764523322,-1.179939266,1.4410121,1.878982384,0.146079635,1.004476265,-0.967123831,-0.552178864,1.125986094,0.632444716,0.253196823,0.851036561,1.005018112,-0.572110368,0.013258372,0.546105751,0.03608962,0.398940846,0.968085863,-0.523645566,-0.881445361,0.771848379,0.199518272,-0.378322754,-0.283899156,-0.563512271,-0.531899886,-0.35448176,-2.088031714,1.082718253,1.079553265,0.488008937,-0.5156356,1.775587069,0.922898307,0.787567147,1.361490484
hsa.mir.125b.2,-0.575693076,0.79471518,-0.440596488,0.110957806,0.139780535,-0.875519877,0.141853292,-0.34880019,-1.05321355,-0.01680972,-0.899089392,0.028538363,0.092047358,-1.564085125,-1.174054603,1.579055764,1.821617302,-0.052649927,0.871442126,-1.219790115,-0.625787001,1.062698631,0.52121504,0.193234715,0.755860537,1.019216727,-0.642562762,0.084717455,0.445329626,-0.046999417,0.338766627,0.91951833,-0.536829308,-0.947194848,0.825736365,0.182433559,-0.374232498,-0.230073197,-0.577728255,-0.602453745,-0.404146904,-2.115531178,1.099100019,1.06810876,0.447133036,-0.503010355,1.792380955,0.947934799,0.757913394,1.367215068
hsa.mir.126,0.132509752,-1.059132806,0.487388437,-1.074693797,-0.010672187,-0.308621046,0.318962554,0.220914519,-0.529538705,1.177917009,-1.188680771,0.541788362,-0.6118912,-1.417476544,-0.755500857,1.041274904,1.356202318,1.22005224,-2.027796119,1.214834604,0.528342184,1.182655836,0.738227578,0.607020642,-1.366336531,0.697728166,1.485813606,-0.210020724,0.271874541,-1.797140635,-2.224838111,1.444424584,-2.521405622,-0.255087347,0.279730217,1.42748014,-0.059075466,-0.178229232,-0.426479654,0.202108681,-0.999684517,-1.437269109,-2.18457073,-0.271371913,-0.18120431,0.220606528,0.578175794,1.746753616,0.913720867,0.181740303
hsa.mir.1266,2.253863318,-0.887028656,0.672762604,-1.766489914,-0.027124333,0.48675781,0.853015549,1.124363622,0.630768794,-0.711499348,0.157322419,-1.288606527,-1.80642177,0.514001242,0.657909363,-0.245799644,-0.24360067,0.444350566,-0.889175886,1.132305167,0.438481954,-0.209120455,-0.164892684,0.062378812,0.854043433,0.227305604,-0.216597969,-0.787091711,3.497894091,-1.428012871,-0.490571672,-1.613020348,1.07392079,1.091324455,1.209146188,-0.824848663,-1.002779587,0.755186961,0.000416582,-0.241725253,1.207174677,-0.927588332,-1.050095357,-0.517318554,-0.620908637,1.121786037,-0.193407907,-0.138757165,-1.057183056,-1.365189502
hsa.mir.127,-0.298732124,0.586766923,0.185063425,-0.470845674,-0.123254329,0.195751241,0.718950374,-0.078278781,-2.207575403,0.546118741,-0.730825335,-0.006888937,-0.052919919,-0.451585899,-0.596718394,-0.655512941,0.779352492,-0.603219645,-0.622977522,-1.519934505,0.501596991,0.826386804,1.483017213,0.962834571,0.944077287,-0.257144221,-0.046111922,0.136131807,0.158784203,0.456859913,0.075183314,1.78632671,-0.145074539,-0.4134896,0.534282279,0.38741162,-1.529419451,-0.604712942,0.428963696,-0.014839809,0.465280744,-1.604803643,0.641029499,1.753358062,0.478161229,-0.295721019,1.457654365,1.445792438,0.704878193,0.501856741
hsa.mir.1270,0.29348237,-0.64619379,-0.317610235,1.858678106,-0.590446516,-0.914327306,1.931027726,0.623357624,0.325239184,-0.352538467,0.917937772,-0.150561955,-1.162092592,-0.816685863,0.672631296,-0.142945678,0.807494462,0.925854611,0.042045121,-1.019827287,-1.367453413,0.058508361,-0.060739435,0.598574299,-0.597319508,-0.223174452,1.643462541,-0.844630049,1.9268722,-0.97044039,-0.735973038,-0.160646369,-0.139532695,0.011088025,0.238672328,0.43870716,-0.274214884,-0.338479743,-0.162626211,0.578218961,0.750933061,1.323137185,-0.312542867,-0.474011143,-0.744769988,-0.943809593,-0.198381691,0.468173269,1.341736945,-0.832618836
hsa.mir.1271,-0.453084776,-0.844660488,-0.039832333,-0.591701008,0.743064939,0.367744332,0.449627339,0.656603931,1.244201551,-0.393530804,-0.734475068,-0.738494338,-1.595054639,-0.563284735,0.502976398,0.947746229,1.498683094,-0.599599207,-0.751807873,1.223923075,-0.894556843,0.652797172,1.569219612,-0.581364743,1.653854151,0.277545002,0.541737501,-1.930256276,1.226187843,-1.581611794,-0.623192415,1.052683705,-0.202555715,-0.551642297,-1.067634011,0.481390968,-0.679111672,-0.167911911,0.39330586,-0.479529047,-0.497551784,-1.395375686,-0.702760714,-0.022762344,-0.05884819,0.728131807,0.270867193,0.468542021,-1.422914632,0.216955876
hsa.mir.1277,-0.045326485,-1.480653171,-1.008967352,-1.099320779,-0.312579611,-0.61674669,-0.413630496,0.863487026,1.215894694,0.710944871,0.591090782,-1.503305086,-0.534684561,-0.644771604,0.283318437,2.052699128,-0.032357072,1.514695766,-1.661313959,2.101041096,-0.912512019,-0.116750689,0.977652835,1.46495155,0.458798198,1.314138216,-0.890971764,0.560121374,1.673057507,-1.151933899,-0.776900353,-0.949692718,-0.480604114,-1.506624319,0.881685886,0.668301608,-1.334051679,-0.683651681,-0.118888062,1.522850252,0.092191785,-0.676938491,-1.292206456,0.518875796,-0.375204688,1.844744113,-1.210111024,0.782149595,-0.851338685,-1.506308772
hsa.mir.128.1,-0.008233178,-0.278580413,-0.736390522,0.09108084,0.027495647,0.379535306,-1.626448407,0.515478074,2.251296931,1.671823375,-0.780039206,-0.691843831,-1.764456257,1.715576181,0.612398479,0.967538478,-0.344404358,0.204557446,1.145004364,0.221965137,-0.391122933,0.000672885,-0.085905228,-0.611913582,-1.37880627,1.189096653,0.115048018,-1.458071568,0.963408313,-0.603553285,-0.582056648,-0.605747699,-0.410876387,-0.443637241,0.376462268,0.219575219,-0.148651321,-0.578329646,-0.492790131,-0.180429707,-0.72687505,-0.981768007,-0.89193103,-0.185981014,-1.289955969,-1.067359878,-1.284814671,-0.504071298,1.115941166,-0.631077255
hsa.mir.128.2,0.206126704,-0.234655753,-0.665881767,0.051423059,0.005241108,0.423678488,-1.324969437,0.579471117,1.69686625,1.361870203,-0.594879299,-0.606105691,-1.799389346,1.862338184,0.469786687,0.544088966,-0.925984969,0.036982893,0.751930094,-0.2003752,-0.24853454,-0.496277376,-0.406382121,-0.024686798,-1.357611672,1.4656751,0.219095004,-1.270087485,1.320688527,-0.869455448,-0.27589798,-0.746297446,-0.630794453,-0.463065886,0.509727827,-0.279628627,-0.015646892,-0.654567139,-0.141343161,-0.807841115,-0.660227451,-1.000227353,-0.792591797,-0.023899314,-1.918617559,-1.229929558,-1.470165433,-0.39714248,0.975830811,-0.991837279
hsa.mir.1287,1.691275949,0.501416602,-0.258677147,-0.094305526,0.955917501,0.424534718,-0.508750463,-0.927403841,3.040983768,-1.4138429,-0.037330873,-1.009982986,-2.270905549,-0.998461771,0.411831491,0.387127429,-1.636894275,-1.819934623,-0.493854395,-1.357878023,0.505774659,-0.431207629,1.12397714,-1.063347574,-1.367212946,1.996006392,-0.397206081,-0.302742545,1.158703561,-0.734117265,-0.210004982,-1.413231599,-1.965029661,-0.940536609,-0.613435921,0.161736702,-0.536178325,-1.331723758,-0.012523785,1.090860209,-0.063404203,0.541994047,-1.423863486,-0.763835827,-0.168607684,-1.433630991,0.294740125,0.168585618,2.075041221,-0.810335288
hsa.mir.1291,-0.747342065,1.119974329,0.597378367,1.042548556,0.203964541,0.569940169,0.143012177,0.003654659,0.57052743,2.503954816,-0.828781876,-1.247041654,-0.502389017,0.572248515,-0.14850226,1.796628881,-0.912360981,0.906817965,0.840667556,1.186818546,0.544068048,0.493087021,0.363601472,0.584883723,0.748004121,1.603472837,-0.626696969,-1.264406787,2.680590396,0.104656379,-0.498758927,0.024812594,0.587982612,-0.319951907,-0.573545144,-0.819401134,-0.710364387,-0.253580979,-1.173712064,1.037718125,-0.301891016,0.601770624,-1.387791382,0.069666173,-1.181238257,1.322343523,0.444071919,-0.143697865,-1.017103049,-0.47284478
hsa.mir.1296,-0.987601278,-0.307762388,-0.045166356,-0.202876197,0.510041022,-0.388391224,-0.482458008,0.802603998,2.228956561,0.065081736,0.539341195,0.34131564,-1.297846287,-0.965373142,-0.454696905,2.327569244,-2.333186932,2.199760876,-1.890361325,-0.216885847,-0.350327582,0.958444653,-0.258725897,0.263686795,0.498089249,1.02583358,-0.367529521,-1.58649553,1.671957168,-1.148858959,-0.970708221,1.24538713,1.317496429,-0.311453267,-0.636031337,-0.08804918,-0.676721964,-0.280648803,-0.286865607,0.398716622,0.233052281,-0.878246902,-1.06621929,0.641657194,-0.473029025,0.460428436,1.000538016,-0.015547618,-1.371325563,0.95004483
hsa.mir.1301,1.915208125,-1.090056323,0.580854993,0.449791899,0.366937619,-0.06805134,-0.975551855,-0.979406221,2.159349053,0.768966062,0.104533024,-0.271602678,-1.389215994,-1.311581518,0.866127618,1.163639763,-0.914399089,1.552514484,-1.2224336,-0.909036022,0.2738209,0.949310386,-0.525721441,0.740156765,-0.963501585,2.142059159,0.167719435,-1.932767695,0.642209652,-1.921302878,-1.37625602,0.018400258,-0.431760518,-0.562822882,-0.910118811,0.114288074,0.656331116,-0.464260481,0.197462115,0.044826096,0.195609968,0.657974231,-1.701077849,0.002755131,-0.75291631,-0.109008147,-0.732421693,0.946288276,0.541688025,-0.786213755
hsa.mir.1306,1.193330377,-0.780932004,0.503430533,-0.119670316,0.156654166,0.518095556,-0.601517959,0.400495841,2.554108826,0.466168284,-0.342637129,-0.118584696,-2.076962203,-0.808638099,0.507461244,2.076368062,0.197708058,1.041583216,0.604594727,-0.936775479,-0.061376618,0.72664093,0.022755605,0.972477555,-0.140138168,1.639976666,0.659081012,-2.270875556,1.478752522,-1.895360105,-0.962327329,-0.643773113,0.576246017,-1.440689267,-0.50978331,0.74218214,0.761509603,-1.029937401,-0.60274874,2.187725322,-0.24126296,-0.275896487,-1.129248715,0.137968141,-0.599446918,1.005346914,-1.159673606,0.882584774,0.418732747,-1.196817023
hsa.mir.1307,-0.260999076,-0.006576955,0.107384082,0.564157269,0.157104031,-0.034983461,-0.71113139,-0.233489647,3.041626565,0.364692506,0.415907099,-1.571864517,-2.224814281,-0.328974652,1.688605742,1.881690399,-1.970224172,2.522756454,0.278715872,0.918015561,-0.522693007,0.586466963,0.174228213,0.181459504,-0.672853988,0.200971597,-0.243898027,-2.246687912,0.413893857,0.556219988,-0.993959287,-0.84936918,1.302730575,-0.775406854,-0.398588976,-0.205196695,-0.125950772,-0.816758692,-0.117891823,0.564946816,0.522385164,-0.224971636,-1.12321035,-0.507547714,-1.326972879,0.796504972,-0.602237215,-0.072371247,0.693774592,-0.488738712
hsa.mir.130a,-1.118224679,-0.003980921,-0.403388203,-0.751979236,1.540538804,-0.75431336,0.049564924,-0.20535754,0.920219589,1.457277543,-0.221073313,-0.265851276,-2.011857843,-0.769266715,-0.620734863,-0.626422024,0.397571438,1.648303336,-0.293045711,-0.433347366,-0.074465047,0.967064699,0.323905064,0.462173379,0.4554968,0.15637327,-0.31547473,-0.575727789,0.181398588,-0.173818752,-0.295088402,1.315493955,0.064244368,-0.893965238,-0.020628035,-0.271050416,-1.612775018,-0.373805961,-0.059129778,-0.17525791,-0.319440807,-1.339012909,-0.045422358,0.392159528,-0.51737925,2.532123861,2.168727152,0.726675179,0.041368502,0.592618725
hsa.mir.130b,0.823295954,-1.002852926,0.135121272,0.179498685,-0.216266091,-0.15217063,-0.755858403,-0.335897048,0.859346605,1.188957552,0.118337119,-0.731481008,-2.29008086,-0.97823833,2.704456496,2.677356608,-0.287167594,2.273103932,0.863087379,0.256210848,-0.577598195,1.34487294,0.99564078,0.718726601,0.318412655,0.152809996,0.159015883,-2.116744845,0.888563577,-1.226804595,-1.444147573,0.081423303,0.934879607,-0.015077994,0.00391957,0.306454468,-0.374677475,-1.444256523,0.097154298,-0.558398629,-0.475414646,-1.554662319,-1.634753465,-0.367052707,-0.691398599,1.313298615,-0.612698098,1.308920585,-0.318696502,-0.763459513
hsa.mir.132,-0.714171535,0.758996672,-0.588606356,1.961621276,1.34169274,-0.471893794,-1.892887184,-1.530326874,0.201914422,0.417225603,-1.225311737,-0.38919101,-0.228372145,0.574006608,1.061243626,0.211566453,0.370298742,-0.455287437,2.544192601,-1.479027518,-1.348799868,1.206992865,0.11526837,-0.783420733,0.352266235,1.739013324,-0.414329199,-1.648781913,0.174870027,-0.141278262,-0.763902149,0.309858824,-0.095080424,-1.842853749,0.063987109,0.608602146,0.677402646,-0.338065263,-0.772990931,0.396564682,-0.63397887,-1.846889543,0.808746335,1.451412653,-0.421453146,-0.542839616,1.534449512,0.214354737,0.152865124,-0.349428841
hsa.mir.133a.1,-0.309236728,0.142827233,1.917570444,0.056202483,0.588098782,-1.361697952,-0.451351659,0.068480194,-0.67116812,0.354021657,-0.434731427,-1.356423027,-1.518763808,6.842348421,0.094783521,-0.68069322,4.76881537,0.22732539,-1.071422075,-0.241414649,-0.133861907,0.358246466,1.576814864,0.367462167,-0.816649141,0.454523961,0.094791149,1.634626006,-0.19885262,0.106739874,-0.305357063,-0.389780608,0.282012957,2.369216653,-0.718017904,1.051333273,-0.333508193,0.050269839,-0.698438329,-1.164429942,-0.723898662,-1.085447662,-1.275129054,1.171329872,0.133715652,-0.999286598,0.781317205,1.677183641,0.307342278,-0.255902676
hsa.mir.133a.2,-0.538089321,0.183759148,-0.025217949,0.165412291,0.106973913,-0.067623962,1.599106765,0.771163547,-0.634901699,-0.797248735,0.923366989,-0.305843889,-0.95742012,6.890050847,0.034212961,0.580747762,4.570625622,-0.012694089,-0.487637387,1.690565769,-0.112270818,0.398134769,2.383442146,-0.208844206,0.324065734,-0.983861877,-0.336367237,0.306599734,0.318714219,0.31641735,-0.04868579,0.208980715,1.008354073,-0.981602371,-1.009879708,0.467934531,-0.497989995,-0.367508213,-0.403944816,-0.071148975,0.211491166,-1.078377887,-0.994721924,1.525610745,0.220220428,0.402377956,0.297739806,1.361348321,-0.192113486,-0.272330751
hsa.mir.134,-0.251764016,0.511673582,0.026879243,-0.505769986,-0.043983222,-0.242988936,1.037607638,-0.207574232,-1.741900554,1.451330062,-0.676434595,0.024449478,-0.468462477,-0.69353376,-0.464826556,0.030604868,1.45796455,-0.508002734,-1.192258064,-1.70536539,0.809282389,0.793820913,1.364296943,1.184274906,0.931526743,-0.28481227,0.245492255,-0.084199518,0.219317732,0.121213842,0.684344696,1.774408467,-0.070882515,-0.542526893,0.677198212,-0.057936475,-1.541712071,-0.541993213,0.424493767,-0.146078787,0.382418597,-1.455313186,0.587640295,1.729730163,0.331941163,-0.204375071,1.739484735,1.542989536,0.527551285,0.422912113
hsa.mir.135b,-0.402351405,0.108323964,0.774871573,2.361639441,0.8208769,-0.803032878,-1.012955745,-0.741176266,-0.067462637,-0.674623075,0.023599259,-0.307609304,-0.616271712,0.146068631,1.702494837,2.496155587,-1.135509706,1.188322032,-0.966925003,1.347698917,-0.651975391,1.516906243,0.554785329,-0.229511237,0.00656566,0.531481502,-0.537213558,-1.134550393,0.705450524,-0.911743687,-0.610859045,0.540652765,-0.289028351,-1.041194568,0.298181292,-0.397767186,-0.943086069,-0.471599112,-0.61714334,-0.987635844,-1.105344192,-0.732565944,-0.21606639,0.301420404,-0.762355637,2.179700004,-0.048627453,0.314026849,-0.526657762,0.380439906
hsa.mir.136,-0.122518082,0.572820384,-1.041529943,-0.400138067,-0.077155265,0.34609114,0.395517362,0.493572449,-0.976937334,0.653233959,0.176400265,-0.060133171,-1.192920631,-0.651033444,-0.314069336,-0.296707714,0.052977485,0.365531523,-1.704813166,-0.788600246,-0.439366644,0.600914752,1.736947648,1.187830219,0.715631555,0.468980203,0.586491926,-0.006872531,0.567767477,-0.77416107,0.452391876,1.568786862,0.565732859,-0.91244982,-1.879393799,0.829168509,-0.348100331,-0.766712958,0.683418958,0.488768136,0.440127338,-1.685959278,-0.379143974,1.051798243,0.555703035,0.320917369,1.309439243,1.670992081,0.828652002,0.589975107
hsa.mir.139,0.755819501,0.180273663,0.364991021,-0.95956383,-0.77316413,-0.662663853,-0.735402319,-0.643822847,-1.042383841,0.470289797,-1.63863164,0.252003005,-0.665688048,-0.436207532,-1.00723243,-1.013689271,1.441372328,-1.074742347,0.45076637,1.155770639,-0.525940666,0.446000248,1.840619488,-0.650351592,-0.543793284,-1.146134543,-0.582172787,1.099659328,-0.345719676,-0.506712506,-0.418899494,1.138006683,-1.723189642,-0.942621604,2.48804459,1.816818662,0.018061405,0.999354574,-1.073715322,-0.733242637,-1.115714992,-1.678529741,0.035685196,1.983773723,-0.26486274,-0.68084689,1.905807749,1.226613236,1.331096011,0.565943237
hsa.mir.140,-1.362240339,-0.020803325,0.267837562,0.792796865,0.264320009,-0.576696708,-0.29211506,-0.918248037,-0.164148628,0.305212327,-1.484201524,-0.612945162,-1.220299426,-0.324686552,0.504307753,-0.66068863,0.25898144,0.231081293,0.749865525,-0.280421189,-0.317553143,0.789314167,1.336242422,-0.402957529,0.129886192,-0.47076697,-0.021054817,0.978007688,0.958622166,0.47152466,-0.094918947,1.085120367,-1.921013621,-1.297748711,0.593242347,0.171250067,-0.80819652,0.871180069,-0.582957644,-0.729056029,-1.046865868,-1.878634014,-0.178933375,1.399533727,-0.457179679,-0.505493362,1.461830035,0.87372406,1.530079371,0.661715486
hsa.mir.141,-0.212349755,-0.997798472,0.860934925,1.621517976,0.071184748,0.851912817,-0.006199646,-0.543888896,1.171340445,-0.40538801,0.940107817,-0.387611875,-2.161374931,0.433686465,0.091302001,-1.07269678,-2.0567564,2.104221673,-0.830937092,1.583030882,0.520775722,-1.11841113,-0.796204467,0.339695675,-3.439100975,1.89405408,0.881462433,-0.543759048,0.938902553,-2.359052656,-1.242872645,-0.501280815,-0.654964231,-0.625895144,-0.511938292,0.575861069,-0.666588761,-0.902474108,-0.543044837,-0.051148747,0.160761036,-1.436997073,-1.44196953,-2.477177479,-1.295892079,-0.662652324,-1.145244883,-1.770396645,0.167661682,-0.506693873
hsa.mir.142,0.466575315,-0.521872491,0.087718638,-0.36630965,-0.036028086,-1.102658719,-1.443309656,0.135905755,1.591819176,1.269182514,-0.736926401,-0.592748831,-1.795025698,-0.567827073,2.455197077,-1.421742129,-0.803504261,1.211852307,-1.479971464,0.241172291,-0.242554797,1.487922436,-0.523988322,1.245836611,-0.183713842,0.078097058,1.361363899,-0.950642116,0.927639025,-0.234666943,-0.475111094,-0.068441489,-1.312776383,-0.487948795,-0.583615844,0.601282527,-0.946769685,0.080538239,1.267152703,-0.059168881,-1.337821378,-0.820667132,-2.219874106,-0.776861533,-0.969122902,1.536781699,-0.569127981,1.625329445,1.62685613,0.510849188
hsa.mir.143,-1.190003104,1.19616664,0.419234671,0.820749256,1.83978754,-0.405351264,1.552303918,0.072899909,-1.820200299,-0.74751978,-0.717535794,0.317237938,-0.259715547,-1.19575385,-1.309197642,0.252023188,1.171665806,-0.722605898,-0.713504365,0.662127463,0.53255053,1.622305811,0.626253389,0.57616845,1.493999746,-0.294430601,0.138851181,2.109445828,-0.040578225,0.538234625,0.950350427,0.911099793,-0.491718443,-0.911857161,0.839403265,0.064917917,-1.124361514,0.403568424,-0.212851007,0.344353272,0.044318883,-1.90692836,-0.51325426,0.785503181,-1.111272408,-0.185009189,2.040866222,1.058205505,-0.031654562,0.514764351
hsa.mir.144,-0.55756896,0.456241251,0.344869286,-0.6624412,0.15432988,-1.123076049,0.255653461,-0.254873474,0.132499265,1.774802952,-1.718438936,0.187160389,-0.235387324,0.650413599,-0.155119359,-0.983878162,1.738601846,-0.183562025,0.345852699,-0.187629882,-0.357211654,0.326525453,1.354047012,0.266480631,-1.273730631,0.495096597,-0.797125329,1.579084036,-0.893864978,0.868531014,0.055131756,-0.157712148,-0.175464848,1.235226325,0.617617934,0.882626262,0.184404742,-0.397365331,-0.071273333,-0.482713263,-0.044676869,-1.185537411,-0.876157566,0.622030136,-1.226603857,-1.227933864,-0.890486228,1.5988211,0.221848354,-0.857802865
hsa.mir.145,-0.72547052,0.902981973,0.663318895,0.262951483,1.363310462,-0.8505211,0.669342968,-0.06306831,-1.677005443,-0.363467684,-0.106328229,0.554600663,-1.011762465,-1.772227729,-2.519734031,0.579425779,1.701791337,1.16681843,-1.654924908,-0.363276818,0.700685079,1.02747237,0.897283321,1.273570809,1.609109206,-0.012309015,0.286441885,0.422860926,0.738510702,-0.671555606,-0.2221123,1.829403853,-1.219311362,-0.570133927,1.273977012,0.668188516,-0.489987805,-0.412865533,-0.125258393,-0.014213773,-0.192735453,-1.946563445,0.203746748,0.900597189,0.278220619,-0.382671711,2.367131209,1.740833165,0.413145769,0.981325932
hsa.mir.1468,-2.207559769,0.315436414,-0.798857764,0.307593166,-0.525008866,0.734201055,0.420608602,-0.392832702,1.536066533,2.040630521,-1.649993008,-0.440718376,-0.25689325,0.476190798,2.620888516,1.34395391,-0.320192468,3.869147914,2.204830749,-0.847692727,0.540336575,-0.262460488,0.373427927,-0.299632162,-0.268892246,0.779352359,0.371396623,0.492623551,0.523575635,-0.308126159,-0.401916498,0.074958681,-0.31083217,-1.462761865,-0.679233461,0.449395635,-0.583781756,0.256939526,-0.550449303,1.19969575,-1.093288974,-0.382561745,-0.432434904,-0.06792723,-0.912744547,0.085378739,1.231619902,-0.425100241,1.001971119,0.024183569
hsa.mir.146a,-0.550629336,-0.007464187,0.046212677,0.39997657,-0.25910673,-1.601631091,-1.095977423,-0.249889217,1.763465454,0.767545778,-1.888039856,-1.197850909,-1.211173619,-0.360647736,1.783631889,-0.630091852,-0.154457951,1.353827743,0.055386064,-0.835808,0.001959233,1.110496087,-1.282046303,1.185370017,0.99506391,-0.088440669,0.668891503,-0.44126186,0.550699059,0.354998323,0.146786974,-0.153898233,-1.559770363,0.144429517,0.668891503,0.188991773,-1.711794248,1.453664607,0.278201176,-0.392045987,-1.354655329,-0.993285595,-1.53634468,0.600383963,-0.967034738,1.140755915,0.63166102,0.458593211,1.764468493,0.806766838
hsa.mir.146b,-0.583154182,0.547710183,0.168013852,0.03611558,0.264822532,-1.022835578,-1.261636048,-1.058377264,0.862805852,1.062134598,-1.378887766,-0.46762342,-0.917933496,-0.897100568,2.197369524,0.471113741,-0.637629477,1.24653357,-0.127213926,-0.843326694,-0.301044223,2.385523947,0.517034745,0.755116849,0.866939253,-0.668849666,1.022246462,0.196792711,0.160347906,1.021085928,0.160172839,1.270568022,0.401120326,-0.842763001,0.31248064,0.020687433,-1.645721531,0.56147068,0.284470373,0.180081842,-1.562373867,-1.051238169,0.678959487,1.820453613,-1.536823497,1.029745562,2.072148134,1.135526316,0.899316866,0.922937811
hsa.mir.147b,1.303847356,0.096574491,-0.733099516,-0.253102791,-0.730097914,-0.373696052,0.375840524,-0.035358315,0.210743232,-1.220627742,-0.371882664,-0.822122769,-1.45452995,0.359406528,0.982354418,0.155155772,-0.478082001,1.476909609,0.125497058,4.217392229,2.012614805,0.606367486,0.083752205,0.426712878,-0.907782596,-0.202309266,-0.844106315,-1.154780517,0.868578274,-1.121049177,-1.273836728,-0.593709586,-1.040531135,-1.134797376,-0.189555951,2.689555473,1.166214113,0.632690904,0.332397612,-1.415638317,-0.672026469,-0.761126935,0.637855265,-1.233632317,-0.679649062,0.239826304,0.354155267,-0.926183502,-1.031028613,-0.16026906
hsa.mir.148a,-1.084004,-1.638291225,-0.204184418,-1.144788208,0.131264989,-1.04735846,0.018408794,0.712462218,2.489661032,0.779998613,0.568864024,-0.773841823,-1.668917201,-1.772874417,1.428132244,0.658841737,0.017216441,0.130972214,-1.631705096,-1.305359152,0.909507822,1.300263159,-0.592716299,0.65410287,-0.464831771,0.021431139,3.477734034,1.67197874,1.002967526,-1.205164539,-0.262375152,-0.316960474,-2.120955899,-1.83700499,-0.729011664,0.90765914,0.073275672,-0.286489962,0.792837542,-1.037951109,-1.403413201,-0.237715832,-0.989535551,-0.852389529,0.298729056,0.872104918,0.379508146,1.878715711,0.53389083,0.156411783
hsa.mir.148b,-0.560672233,-0.096634342,0.398064526,0.614785165,-0.579975775,-0.184070037,-0.112898359,-0.754287075,0.424738923,-0.057083284,0.36772505,-0.180534603,-2.27413273,-1.566990682,1.073923961,0.117978881,-0.780998902,0.610523972,-1.787318971,0.492328226,0.817388007,-0.093163172,-0.388143981,1.198227714,-1.805469677,2.071115305,0.43917163,-1.058548685,2.006442511,-2.409184335,-1.147272939,-0.326250807,-0.568805092,-1.265962495,-1.74286762,0.24689612,1.091546111,0.128250567,-0.544732813,-0.064726854,-0.204925029,-1.152385955,-2.397715463,-1.44981743,-2.054723711,-0.286404562,-1.961773392,-0.055396775,1.096873525,-0.552020256
hsa.mir.149,1.680188946,0.398591651,-1.805032287,-0.042960178,-1.045532267,-0.088766262,-0.130018673,-0.017277899,0.158760287,-1.207479098,-0.528428518,-0.263055656,-1.591622519,0.877535281,-1.45346748,-0.13626811,-0.002364981,-0.19472244,-0.756362426,1.393878679,0.579117026,-0.968843896,0.629717867,-0.435763498,-1.083128416,1.511564685,-2.005006478,-1.387358068,1.413149435,-0.474477088,-0.049459399,1.143613421,0.078886837,-0.193565252,-0.952686312,1.233170954,-0.691895443,-0.027203126,-1.004086106,1.660789049,1.12557891,-0.777081449,-0.293415945,-0.81410128,0.361066405,-0.890285047,-0.015861851,-0.94917955,0.699620113,-0.07506438
hsa.mir.150,0.372777553,-0.41580185,0.282228706,-0.888224712,-0.332813856,-1.154245479,-1.343903091,0.042524228,1.100445129,1.093941134,-2.354031923,-0.973347266,-1.178121434,-0.37156339,1.440347711,-2.056325895,-0.15156491,1.024702187,0.488406795,-0.07655266,-0.437051528,1.337432439,-0.731520784,0.501161507,-1.055535234,-0.104042899,0.337051253,0.311797064,0.525825787,0.507562781,-0.025987877,0.01195547,-2.418495724,0.201555909,0.901568586,0.75014742,-1.098457303,1.16603657,1.176139653,-0.208089725,-1.642758253,-0.496698993,-1.157169991,0.109908418,-1.104519208,1.238015585,0.317192705,1.279082435,1.892771553,1.04020062
hsa.mir.151a,-0.224597273,0.85575334,-0.248385559,0.239881222,-0.819312024,1.152961195,-0.266717348,0.766949969,1.662059586,0.447975218,0.221168348,-0.742311918,-1.438794137,2.036576614,0.546794832,2.514884885,-0.227940609,0.623995171,-0.171280634,2.164095226,-0.498720415,0.664737811,0.559693291,0.610935783,-1.485036699,0.623850521,-1.217671236,0.299121758,1.367424433,-0.672032155,-0.267891882,-0.721946952,0.960440994,-1.027065704,-0.021384263,0.040513461,-1.280023163,0.159202124,-1.106790767,0.274953492,-0.617958608,-0.847369468,-0.857764291,-0.728102981,-1.380450683,0.895455024,-1.117198677,-1.323624698,0.740635509,-1.229968448
hsa.mir.151b,-1.022137248,-0.167057124,1.610874667,0.811191827,-0.370598309,1.189809048,2.07074321,1.330775144,-0.28067072,-0.434998401,-0.89567338,-0.98957061,-2.278025184,0.404246331,1.596647582,1.08878198,-1.007774258,0.679675474,0.956019657,0.256864622,-0.490711299,0.380969833,-0.11485126,-0.232066254,-1.214778636,3.691306426,-1.241161464,0.03318227,1.255234658,-1.170316023,-0.91120291,-0.2993986,-0.442670566,-1.119944416,-0.694598803,-0.25297341,-0.034937264,0.99342771,-0.221059239,-1.6155809,-0.715125,-2.063175833,-0.950177745,-1.072566824,-0.527682179,1.564644941,-1.491054563,-0.662653288,0.519458742,0.289603625
hsa.mir.152,2.388624761,-0.192142118,-0.282571563,-0.099507102,0.487176275,1.254904041,0.738812733,-0.802066229,-1.479195821,0.619113598,0.057351023,0.796106924,-0.471945663,-0.610157055,-0.123955993,0.115041818,1.692210354,-1.377667146,-0.07185277,-0.545281703,0.491109991,0.117733232,1.449023564,0.335674123,0.853750286,-0.248083648,-0.437658365,0.368736733,0.588407881,0.264287065,0.081674268,1.382089743,-0.430641687,-0.532848551,0.362655884,-0.170860279,-2.040505557,-0.712219619,-0.528909844,0.073826097,0.878726478,-0.76994403,-0.216466644,1.029396037,-0.327596313,0.409045698,0.297895915,0.731793849,0.170622993,0.302604443
hsa.mir.153.1,-0.599357339,-1.105633405,0.031126114,0.084439892,-1.036066529,-0.411263731,0.497163965,0.436337156,1.611496208,-0.01420154,-0.293004658,-0.764301384,-0.720907415,0.394995064,-0.469966791,-0.062383826,0.501994353,-0.262787144,2.147198168,-0.12643052,-1.122585758,-0.16599232,-0.473952556,-0.004748643,-0.702030607,3.170404575,-0.488278863,-0.091399867,-1.21155166,-0.244603645,-1.207204592,-0.113480611,-0.360493952,0.010126926,0.673106689,-0.022899318,4.680624871,0.404382836,-0.073143793,-0.312354728,-1.016484537,-1.046451319,-1.030517798,-0.944555934,-0.760311131,0.548281609,0.555263061,0.76903511,0.518121738,-0.492038464
hsa.mir.153.2,-0.334294322,0.085681258,-0.766574727,-1.086532974,-0.318901086,-1.015050959,1.741453971,-0.308587822,-0.462976928,-0.440749792,-0.521359659,0.37815721,-0.347336993,-0.373320037,0.053797507,-0.620444576,-0.213355154,0.210951473,-1.922559169,1.395938285,-0.266163997,0.343538543,-1.279163691,-0.014882809,-0.715268152,2.918823158,0.194820672,-0.115674981,-0.367190309,-1.528801531,-1.107279581,0.480045301,-1.269051151,-1.089184638,-0.831999382,0.647830006,4.128213485,0.216668234,-0.616132547,-0.121263652,-0.102038037,-0.983128478,-0.875567849,-0.793799231,-0.889947121,0.440786411,0.54461592,0.497069869,0.728247072,-0.70221193
hsa.mir.154,-0.474244512,0.662816111,-0.159770237,-1.257759948,0.087443687,0.492053043,0.551165672,0.589372862,-2.528407372,1.199569486,-0.076468883,0.334338736,-0.250580116,0.225410024,-0.672144117,-0.04297567,1.56438881,0.917961864,-0.790849929,-1.97317371,0.10793451,1.037680349,1.464344334,1.540248421,0.85081167,-0.316464152,0.169606004,-0.360978838,-0.032014546,-0.295092685,1.0285025,1.24710705,0.47039672,0.557707104,-1.916790625,0.402960622,-1.306713953,-1.27221784,0.299328332,0.247719154,-0.672830344,-1.453661142,0.098584221,1.212142627,0.389933573,0.214242472,1.624302591,1.666029074,0.36586977,0.717489156
hsa.mir.155,-0.002824946,-0.381263679,0.267567618,-0.541969978,0.125120445,-1.09880576,-0.872919947,-0.655009649,1.458579626,1.033492287,-0.932791387,1.116151525,-1.231418092,-0.751458209,2.670084146,-1.30623826,-0.871505571,0.591596811,-0.148174712,-0.285335758,0.030249928,1.434946059,-0.956609403,1.434420032,-0.417245394,-0.218806032,1.366159025,0.064117189,0.747193063,0.241767415,-0.322316721,0.258687706,-0.335652317,0.154195353,0.61889797,-0.346360642,-1.310515749,1.032897393,0.374286407,0.000334703,-1.167279116,-0.418556132,-2.029846131,0.532079098,-1.177985321,1.502079766,0.201395023,1.203096448,1.683599456,0.357572946
hsa.mir.15a,-1.288442589,0.09779354,1.541659939,0.344116983,0.417177763,-0.79204142,-0.5466157,-0.254961812,-0.639603124,0.445379407,0.680219879,-0.830260649,-1.586348353,0.181191063,0.49486406,-0.324827739,-0.620498328,0.089833165,1.078143518,0.958321821,0.071273825,0.231613415,-0.215524366,0.541114873,-0.903691613,1.143003909,0.120447542,-1.232647069,0.658856834,-1.215808953,-0.944011792,0.89126509,1.083157985,-0.924888585,0.145176099,0.009163673,-0.04133864,0.980087657,-0.790813289,-0.245685878,-1.141544,-1.243108853,-0.882789632,1.011348778,-1.908833958,-0.282540442,-1.204094121,-0.468887761,1.582460181,-0.629947511
hsa.mir.15b,-0.301958369,-0.818272503,0.279167397,0.585378799,0.891706879,1.569486108,-1.462083539,-0.813325418,1.348861535,1.065985946,0.104629298,-1.063890234,-1.643090077,-1.078473307,1.392498079,0.60223366,-0.591646357,0.228775096,-0.284386879,2.280334763,-0.607004984,0.423700889,-0.874102525,0.703750849,-0.982231572,1.85166565,-0.891123065,-1.548045513,-0.210053731,0.866330745,-1.628819342,0.308049105,0.286063181,-1.291384514,0.005745897,-0.847164303,-1.635388808,-0.122445344,-1.265864119,-0.32563443,-1.439344586,-1.440841889,-1.694779056,-0.299976454,-1.368540549,1.230250121,-1.10654886,0.437192095,0.591673469,-0.978082578
hsa.mir.16.1,-0.597361461,-1.252839398,0.567189178,-0.063502955,0.023602057,1.035332885,-0.397358049,-0.453187148,0.505372602,1.274476449,0.165739294,-0.82501896,-2.266500662,-0.901808215,1.327174323,0.747669578,-0.394403224,-0.355663065,-0.795321716,1.920309795,-0.021028714,0.476846483,0.318980199,0.590757064,-1.434636258,2.116326878,0.51468634,-1.277408418,0.764210354,-1.249464979,-1.556056805,0.511040461,0.589121688,-1.474045973,-0.15015606,0.008475969,-0.58414603,0.553727666,0.002044283,-0.632650654,-1.584338068,-1.127943094,-2.491821414,-1.065552233,-1.811461283,0.893165926,-1.126900946,0.054887029,0.842661082,-0.942520195
hsa.mir.16.2,-0.561216019,-1.359619606,0.332027283,-0.112440824,0.111763975,1.113810602,-0.510434543,-0.317200584,0.376561327,1.207392341,-0.053973175,-0.756177048,-2.219966582,-0.823854622,1.205630764,0.850557068,-0.451253351,-0.163183984,-0.760179351,1.853641813,-0.128812003,0.442537797,0.453976292,0.590524002,-1.403647328,2.089432186,0.41238238,-1.284412677,0.757743371,-1.294559186,-1.465689841,0.612242484,0.574893764,-1.491634273,-0.222120114,0.07450568,-0.614527959,0.49005693,-0.073164505,-0.513360746,-1.499617074,-1.209886738,-2.550736489,-1.090254204,-1.926844327,0.951894895,-1.140355516,0.058027331,0.761463865,-1.020791233
hsa.mir.17,-1.407018596,-0.513396083,-0.774119117,2.126884619,0.541106206,-0.260326582,-1.299941319,-0.239550027,1.450853379,1.254809136,-0.119532259,-1.171070827,-1.892016484,0.650019268,0.282280761,1.272414359,-1.734198972,2.04302115,1.473252003,-0.064073275,-1.093503293,0.419141852,0.087661227,0.536436611,-0.79831463,1.181081909,-0.143813813,-0.849774806,1.788235407,-0.974553859,-0.90322949,-0.352108796,0.455519822,-0.921388242,-0.43796752,0.265112572,-1.038637245,0.016908464,-0.633484581,-0.262494959,-0.926694642,-0.53849778,-0.485637767,-0.170944487,-0.936505278,2.066319207,0.194900741,0.079563375,0.710563058,-0.629498123
hsa.mir.181a.1,0.945006676,-0.762993364,0.049233064,0.720631594,-0.142552473,0.531470655,-0.751565076,0.185173905,0.024174952,-0.440312792,0.427203039,-0.805498232,-0.894190501,-0.709036754,0.482922047,2.770426979,-0.320960474,-0.615880188,1.859869452,-1.794803034,-0.55496788,1.159812188,0.417804592,-1.141936768,1.165566559,-2.333052559,-1.141633074,0.133787172,-0.071675056,0.314875346,-0.571230476,-0.296453876,-0.880432469,0.120219652,-0.222381188,0.664746253,-1.324595017,1.488732076,-0.73987149,0.080401722,0.250484031,0.160844127,-0.668380283,-0.924711657,0.246606582,-0.703522016,-0.233298204,-0.335425281,3.431197028,0.633134741
hsa.mir.181a.2,0.519162725,-0.138782143,0.635731227,0.634040949,0.083924589,-0.360867035,-0.722634196,-0.307183617,2.321456929,1.766308417,0.118785911,-0.466871253,0.270882688,-0.773300938,-0.228994279,2.744644668,-0.739441293,0.112225467,1.579836838,-1.784515469,-0.266258831,0.779336474,0.149850568,-0.901367541,1.701649822,-2.758975803,-1.464984122,-0.597193468,-0.263358706,0.937541444,-0.068971515,-0.416219619,-1.213438507,-0.55273634,0.629575698,-0.154225616,-1.235792635,0.589103881,0.592209257,0.124009292,0.715890969,0.244935132,-0.408139717,-1.085316913,0.117981119,0.147464684,0.022660962,-0.305627088,3.663673886,0.454047739
hsa.mir.181b.1,1.397399614,-0.917611084,0.210376031,0.231482497,-0.02581714,0.540986651,-0.694756698,0.690227396,0.554409562,0.294502711,0.513897602,-1.130128697,-1.412154335,-0.514631658,0.132032089,2.454403878,-0.512015844,-0.002084568,1.407467122,-1.001738931,-0.88383447,1.271357695,-0.031761149,-0.637654078,0.717570037,-1.752873243,-1.029914982,0.00403938,0.493828528,-0.8376833,-0.429566561,-0.274060108,-0.555293681,-0.417616306,-0.012245952,1.099621111,-0.882998353,1.99695627,-0.548135898,-0.230912711,0.475085606,1.198215993,-0.743555164,-1.252702685,-0.492733637,-0.224542572,-0.363658624,-0.104191011,3.245486266,0.163796112
hsa.mir.181b.2,1.439419023,-0.737867101,0.261217949,0.387467029,0.079365198,0.647038605,-0.282890916,0.722580944,0.156895235,0.314698355,0.287569683,-1.12870838,-1.305212426,-0.624889101,0.150933084,2.429730399,-0.250773138,-0.081179166,1.619471775,-1.036599969,-0.72467259,1.080089102,-0.202560647,-0.917765318,0.71839299,-1.761007384,-1.051555211,0.099292221,0.287571013,-0.803625771,-0.393233718,-0.156653089,-0.577039567,-0.346765905,0.103747173,0.586854747,-0.721098556,1.980968457,-0.215356793,-0.583936123,0.53092359,1.35309938,-0.773338525,-1.08418302,-0.372896027,-0.158409039,-0.370539251,-0.181459743,3.211667619,0.120323897
hsa.mir.181c,-0.45243406,-0.074125059,0.852961256,5.375921679,0.423977606,0.111699203,0.547996408,-1.337750718,-0.216626248,1.819206284,0.061117332,-0.241026639,-1.263423667,0.107905271,-1.349061508,-0.070957398,-0.76266779,-1.170713738,1.920282702,0.13128056,0.530219849,-0.934871485,-1.459929858,-1.032586219,-0.713655391,1.047979152,-1.398702083,-0.115001211,0.658052442,0.372232088,-0.193028987,0.341963875,-1.332217033,-0.005564232,0.084212701,-1.650531275,1.700950886,-1.193602,0.539710525,-0.719933219,-0.090848038,-0.505484362,-0.036128757,-0.631991203,0.457508068,0.43265357,-0.539001544,0.217307077,0.49021474,-0.2463425
hsa.mir.181d,-0.131917007,-0.583635061,1.246584488,4.892427254,0.682442844,0.078069988,0.846398772,-1.357661899,-0.444593892,1.95520174,0.367230852,-0.633997714,-1.237886849,0.21775998,-1.376564383,0.272834756,-0.226495776,-1.111316114,2.982396613,-0.028636387,0.08128275,-0.800261136,-1.105867216,-1.402704285,-0.881315044,1.301388564,-1.359861124,0.234546835,0.463608719,0.378271086,-0.115548345,0.125493761,-0.816844591,0.007571063,0.64182101,-1.541939186,1.678453744,-0.631697822,0.24405827,-0.96052771,-0.626966142,-0.040419074,0.068872598,-0.252683506,-0.196478401,0.502729411,-0.228595834,0.703036493,0.36956608,-0.227369464
hsa.mir.182,0.665138733,-1.555340761,0.742412927,0.725266925,-0.223168236,-0.857321026,-0.735796777,0.31716289,0.395931535,1.38347214,0.910299883,-0.71655685,-0.190128956,-0.920017389,-1.80411035,0.813809693,-0.902790357,0.447281632,-0.766274171,-2.524402228,-0.345155305,-1.753999277,-0.396898329,-1.434382183,-2.623725881,1.116486698,-0.183674439,0.96461458,0.383030892,-0.832342916,0.344102623,-0.895001968,-0.073690889,0.433698611,0.416986122,0.09477582,2.034245832,0.464552129,1.18250685,-0.427009891,1.248140734,0.599088612,0.209449765,-1.468856091,0.430674777,0.913783318,-1.650807968,-1.072328731,-0.006709083,0.295723922
hsa.mir.183,0.837667071,-0.809294506,-0.105600584,0.803483564,0.177904294,-0.810699991,-1.511548923,0.160406055,1.414400879,1.903911462,0.25829786,-0.921074966,-1.031845258,-1.353843393,-1.312248685,1.392093086,-1.151065185,1.673584218,-0.747843495,-2.307192231,-0.637380609,-1.107588351,-0.369670484,-0.468620486,-2.543834229,0.817797038,-0.473999859,0.205410634,0.625141477,-0.437791635,0.318682576,-1.051708483,0.458363798,-0.285102666,-0.542292499,0.102250798,2.229656998,0.138647477,0.809845246,0.529168421,1.205676736,0.71294132,-0.321592378,-1.49556423,-0.184195695,1.486933644,-2.066131714,-0.230574801,-0.046728827,-0.215093035
hsa.mir.184,2.939256777,0.880500757,-0.429420977,-1.222225725,-1.117780329,0.295214441,2.100820171,-0.597659931,-0.521802495,-1.212329768,2.673518706,-1.235996774,-0.616419636,0.280511241,-0.951390904,0.272017277,2.595552513,-0.537237777,-0.887578392,-1.111441592,2.503385846,-1.050995632,0.967367605,-0.882326226,-0.291600593,-0.942869385,-0.662559053,1.537899472,-1.199530293,0.319199226,1.298703549,0.35319618,-0.131722377,-0.250696429,-0.167920109,0.003976874,-1.072357598,-0.199000204,0.451302046,-0.18842777,-0.982288831,-0.73534465,0.446281814,-1.040788688,-0.012903963,-0.949009997,-0.674100428,-1.20049705,-0.904701697,-0.404884418
hsa.mir.185,-0.295398275,0.385619214,-0.48996163,-0.467333182,-0.472098679,0.370558077,-0.126087343,0.81070644,1.451678531,0.981845148,0.440916445,-0.592470527,-2.040876041,0.88230561,0.869134675,0.832770111,-0.671101382,1.749484698,1.815013764,0.588971105,0.412155886,0.984613661,-0.040964653,0.266460422,-0.454216547,0.77527161,0.99554899,-1.233260867,0.407919748,-0.365747256,-0.959028968,-0.901989318,-1.032462893,-1.118042866,-0.865767164,0.382215346,-0.341965751,-0.804338388,-0.341273094,1.106640624,-1.407761432,-1.102597173,-1.292282081,0.749631109,-1.037099213,0.844497345,-1.593925349,0.333053816,1.362907796,-0.742353116
hsa.mir.186,-1.327228459,-0.709559527,-0.039118989,-1.414118266,-0.077885192,0.281961819,-0.465241026,0.190345733,1.624954271,1.959229911,0.438762366,-0.557186522,-1.980108345,-0.802888154,1.683515437,0.537864569,0.025154129,2.38538381,-1.047363131,0.366044282,-0.402609132,0.643116542,1.427792181,1.067197066,-0.899256907,1.520556189,0.634705315,-0.7917968,1.307673587,-1.511462601,-1.101696972,-0.140154222,0.488742042,-0.867251724,-0.1452798,-0.209425177,-0.820211569,-0.921720635,-0.416217591,-1.15632074,-0.075052866,-1.962373262,-1.185325363,-0.090295749,-0.891048847,1.622749744,0.359066963,0.717274892,0.260036061,-0.706034622
hsa.mir.187,0.150533353,-1.056651348,-1.203098466,2.077838206,0.698436107,-1.641156942,-0.683195127,0.825209656,-0.126236281,0.264073369,3.092810117,-1.301453709,-1.618537654,-1.30795587,1.636421065,-0.151775655,1.554131667,-0.109439453,-1.099469486,-0.566473654,-0.476050406,-0.351312112,1.387669996,-0.15273607,-0.311723236,-1.01902441,0.585438209,0.139979671,-0.030014825,-0.349059643,0.75207126,1.664232989,-0.746183358,-1.162540056,-0.827797102,-1.21938785,-1.16920782,-0.861240023,0.080236065,0.539374725,0.556714512,1.228494487,-1.273974692,-0.820125794,-0.028943483,-0.675681779,-0.112336224,0.024998017,-0.634448153,1.448621266
hsa.mir.188,-0.530713233,-1.128999822,-0.169568204,0.846839301,0.437941073,-0.288096218,0.14082585,-0.314839405,2.105329314,2.024412996,-0.392981812,-0.961941443,-1.719429946,0.570856937,1.153513577,2.31414493,-0.793618695,2.067672803,-1.136259874,0.140497584,-0.829711189,1.006369375,-0.035624996,0.426107556,-0.264785478,0.946432165,-0.195112743,-1.007215315,1.893596508,-0.876720812,-1.545111687,0.517142036,0.057694639,-1.289628406,0.138154227,0.256346911,-0.58457058,-0.659343526,0.265305037,-0.050057227,-1.369512966,-0.25037183,-1.119586019,-0.96326578,-0.877038263,2.002132462,-0.655234632,-0.920034588,0.078680733,0.317500139
hsa.mir.18a,-1.12614909,-0.56961403,-1.331786805,1.266813385,0.692436438,-0.112135393,-1.315890082,-0.357112491,1.564461172,1.496258572,-0.638594522,-0.794880479,-1.685675855,-0.730864336,0.97903364,1.223731524,-1.394227146,2.63518615,-0.331269192,-0.492706297,-0.47507144,1.338651707,-0.179910029,1.03654643,-0.448763893,0.812373485,-0.732435779,-0.608254495,1.21072903,-0.863485606,-0.355489994,0.084890971,0.934162601,0.027974521,-0.858756805,-0.002266367,-0.892666555,0.192321815,-0.536472665,-0.307216813,-1.002351615,-0.183355465,-1.04722963,0.069765745,-1.216669686,2.155250988,0.385737474,0.941641526,-0.008181873,-0.131012208
hsa.mir.190a,-0.521536894,-0.278646592,-0.279049399,0.711677774,1.437566617,-0.321493153,-1.69506333,2.481092472,-1.436808892,0.046559191,-0.66283191,0.385880772,-1.020958298,1.535353749,-0.673302273,-0.382674159,0.803150709,-1.243129389,-1.357436351,1.432255204,0.487045906,1.114741929,0.45581794,0.958591133,-0.635201634,1.466649558,-1.217007622,0.647351192,0.505691044,-0.939788968,0.122084065,-0.085519485,-0.832015825,1.223398715,0.693336239,0.53848019,-1.646452029,-0.134885628,0.062252645,-0.169908036,-1.493155404,-1.534403763,-0.330945943,0.193958146,-0.347876132,-1.168309463,-0.108501575,0.386543733,-0.448834249,1.105843337
hsa.mir.190b,-1.584020818,-1.212535508,0.339218953,-1.296556657,-1.323082575,0.802137749,0.222344964,0.552978852,-1.335023316,-1.51179866,1.176678632,0.519678453,-0.596899937,0.354352394,-0.088386192,-0.531843035,-0.093310164,-0.523917871,0.937909495,1.28977777,0.771303607,-1.849068728,-0.835110818,1.248351626,0.195401782,0.936304267,-1.354385978,0.384164757,-0.819989024,0.092124282,-0.62680757,0.313430984,0.324429582,0.008375427,-0.360425119,0.589037453,0.435687401,0.76997603,0.120236999,-1.289932839,0.296271499,-1.417816982,0.101008071,-1.083381337,0.700080881,-1.215446694,-1.332806898,-2.191855995,1.140299849,0.584120247
hsa.mir.191,-0.285185785,-1.481719437,1.43262758,0.406262562,-0.635353216,-1.184510162,-0.744435532,-1.051201687,-0.106072064,0.22939431,1.745422936,-0.905228912,-3.072953362,-1.255597462,0.341979176,-0.539867099,0.226716722,1.46694018,0.399848766,1.762115716,0.68116999,-0.284506819,-0.244365301,1.244971053,-2.064041742,2.449010461,1.088117946,-0.579171006,0.368586827,-1.431606966,-0.758317404,0.380529335,-1.120762721,-0.573295488,-0.309910176,0.259787418,-0.39807008,-0.237586433,-0.412637158,2.043596235,-0.255177273,-0.707755751,-0.980283411,-1.177300804,-0.994461974,-1.192790666,-0.61880973,-0.247193023,0.34657581,-0.854285706
hsa.mir.192,2.128627597,-0.414370566,1.189096864,-0.095541392,0.243453624,0.193812576,-0.296731381,0.552257777,1.256101692,2.089533599,0.025350909,-1.188854819,-1.683956721,0.000694885,2.846171817,1.268015466,-1.345241563,-0.214892175,-1.104425166,-0.854989111,-0.705296971,-0.153667374,1.372700268,0.844587613,-1.344055447,1.222082339,0.362145794,-1.234429005,-0.266961919,-2.177836202,-0.90548091,-1.008764638,-0.502819999,-1.501849406,-0.958828191,0.191976292,-0.472878146,0.191556929,-0.07109542,-0.213096193,0.729769966,-0.173724768,-1.825433686,-1.384386484,0.342906104,-0.833183959,-1.112620942,-0.581304864,1.336283205,-1.734988281
hsa.mir.193a,0.426169557,-0.204777475,0.438631865,0.490467719,0.996265129,-0.915038956,0.13220333,-0.342807568,1.250589018,-0.110583065,1.696981007,-1.447554461,-2.495191329,0.367680778,-0.679162825,-0.275849503,-0.607666353,-0.224263099,1.778082461,-1.925611747,0.366667065,-0.384059873,0.665187106,-0.061205616,-0.955126757,-0.214999806,1.55390496,-1.182049497,0.135819913,0.426541714,-0.826150284,0.065745855,0.103088824,-2.162594587,0.78051706,0.823927871,-0.128527187,-1.132179546,-1.103089277,1.469749618,-0.40811553,2.628017842,0.26855475,-0.061844598,-0.887401632,-3.091679869,-0.103992552,-0.407646208,0.976744174,0.254000609
hsa.mir.193b,0.799341547,-1.04013415,0.650210723,-0.596958939,0.353534259,0.852090868,0.818274438,-0.123490023,0.821537172,-0.418970325,2.417728259,0.089947906,-2.516808802,-0.11216777,-1.966224908,0.762652265,-1.736045016,0.74515628,0.275786281,0.662353461,0.113833099,0.229104898,0.584374459,1.367163421,-1.292003927,2.044103367,1.697356848,-2.407564431,1.319843154,-0.871372444,-1.566285097,0.335504932,0.408021746,-0.095192734,1.434809346,1.443860644,-0.500540807,-0.851424559,-0.075302267,-0.129896718,-0.572178573,0.477643827,-1.290873785,-0.86896517,0.926847022,-0.371225545,-1.351166492,0.501583946,-0.143940525,-0.818244949
hsa.mir.194.1,1.308496357,0.637415163,1.722077979,0.810865383,0.129006835,0.103774084,-0.253159512,0.606217769,0.032060714,2.25196109,-1.145710556,-0.933079729,-0.407950974,0.855649726,2.846044751,0.043908863,-1.356978402,-0.273430321,-1.271245744,-0.771313334,-0.757363395,0.030347158,0.388731516,0.264018476,-1.770151557,-0.054789374,-0.939655334,-0.978178491,-1.600990257,-1.948401186,0.157400145,-1.362916176,-1.424891756,-0.170200299,-0.572995447,-0.678464797,-1.150033957,0.538433548,-0.785156329,-0.411411986,1.220105782,-0.032134732,-1.343458797,-0.695358142,0.650044868,-1.323231466,-0.564199412,-1.03770993,1.688484125,-1.252470242
hsa.mir.194.2,1.415944758,0.650985522,1.566567735,0.796680086,0.412596349,0.101400829,-0.868726383,0.743515501,-0.077552315,2.234667321,-1.434908877,-0.505707213,-0.531346743,0.958695456,2.836008104,0.708154371,-1.75250175,-0.019355587,-1.05749528,-0.565820954,-0.773742161,0.015200445,0.675706344,0.616957168,-1.657065771,0.015214683,-1.010120631,-1.075943418,-1.627205888,-1.740422095,0.001287846,-0.733280221,-1.671868828,-0.358484087,-0.580396178,-0.715854164,-1.181447599,0.707267317,-0.493227132,-0.434380826,1.072770508,-0.221301367,-1.439570125,-0.748073626,0.724456678,-1.03643182,-0.430865271,-0.779353945,1.727605197,-1.420309189
hsa.mir.195,-2.239722292,0.34602769,-0.321814631,-0.241724933,0.301390583,-0.629713905,-0.103751574,-0.003731965,-0.924648906,-0.054783001,-1.424406871,-1.484593445,-0.710632987,-0.01650626,-0.820897862,-0.569146004,1.217002559,-0.41449232,1.196661985,0.93023823,-0.221468264,0.775434278,0.352194252,-0.342890762,-0.983382272,0.008727129,-1.217255513,1.417353628,0.750062952,-0.098984386,0.082832201,1.522467924,-0.884894712,0.175456968,0.388178974,0.017489179,0.366067154,0.660925842,-0.660717133,-0.445961592,-1.302913538,-1.51670152,0.61863594,0.83013488,0.081309669,0.162318208,2.3159516,0.435753462,0.594522319,1.199167049
hsa.mir.196a.1,0.507610543,1.415380343,-0.118170138,-1.082180279,0.597198551,1.089413408,-0.5734875,0.732532445,-1.143768288,0.033739877,0.952744886,-1.483023226,-0.73727633,-2.645359094,-0.257937146,-1.480731846,0.442889095,-1.255532607,1.700737477,-1.825018982,0.161325825,-0.227301727,-0.027542878,0.717833088,-1.290228712,0.766953786,0.701242613,1.154011831,1.513645424,-0.322960034,-1.246272172,-0.060784892,0.651174925,1.042977832,-1.623570486,-1.364887192,-1.525994851,0.875733476,0.532300311,1.078829028,0.190954294,-0.343170658,0.238099067,-0.828557975,1.032999413,-0.025363847,-0.445962932,-0.857217122,1.029386833,0.253800071
hsa.mir.196a.2,0.505123653,1.379808274,0.122866789,-1.108321299,0.578764471,1.102596106,-0.478898419,0.721056217,-1.193585361,-0.011604751,0.952589524,-1.49157274,-0.6940578,-2.806578617,-0.276449907,-1.30341213,0.462106107,-1.54403861,1.674330011,-1.503241424,0.181351339,-0.313593665,-0.062152792,0.755409926,-1.264801979,0.823998753,0.681448539,1.118519136,1.549593494,-0.380028211,-1.174886564,-0.024660167,0.687494664,1.019260192,-1.737313296,-1.236950379,-1.356310267,0.856623221,0.516829912,1.126860232,0.221658233,-0.333698831,0.239284173,-0.677547475,1.050373562,-0.050633324,-0.336610459,-0.783671889,1.018387982,0.239181074
hsa.mir.196b,0.060157142,-0.126232346,-1.168912065,-0.604693932,0.157430799,0.422926561,0.110287822,-0.281041693,-0.833722895,0.086893194,-0.171565003,0.462631431,-0.999366031,-0.616948143,2.07641764,-0.426373523,1.802692468,-0.694189905,0.517351702,-1.225702678,-0.202617352,0.740509739,1.385994812,1.052495294,1.265177366,0.815230277,2.476712658,-1.022293563,0.693382694,-1.018973446,-0.470736637,0.180048121,-0.095664803,-1.043792712,-0.389759478,0.14308657,1.958843186,-1.049317549,1.303320959,-0.362688743,-1.320114837,-1.609562332,-0.611819807,-0.553524774,-0.35945913,0.989532009,-0.220306923,0.507248041,-0.306205796,0.471051661
hsa.mir.197,-0.13647569,-1.075349575,-0.104854397,-0.412490619,0.407194634,0.381679685,-0.483414193,0.06582992,2.582423118,1.246561493,0.929031067,-0.833723333,-2.538095746,-0.933260541,1.05285028,1.655173481,-0.229089897,2.857229248,0.05724942,0.323148834,-0.741500357,-0.120980281,0.515105976,1.019260655,-0.145959272,0.750307168,-0.547535447,-2.383778517,1.42169048,-1.06778936,-1.66334598,-0.370458474,1.258533911,-0.78181117,0.550322381,-1.108523499,-0.505895143,-1.514439577,-0.688891657,0.768586853,-0.075987565,-1.121871648,-1.167819715,-0.15267853,-0.6447623,1.178607424,-0.774458001,0.517491919,1.320005826,-0.451762935
hsa.mir.1976,-1.565550264,-0.147616926,1.208837782,0.955058129,0.486369031,-1.528718635,0.402539516,-0.419342583,0.968770364,0.033567989,0.292048945,-2.715850134,-1.303792875,-0.820407871,2.45689451,0.233627481,-1.056421326,0.377847339,1.263175466,-0.141772582,0.382515742,-0.335913762,0.127116584,-0.335229488,-0.379245316,1.498070736,0.296490781,-1.285117715,-0.558998332,0.487305587,-0.444195787,0.513418081,0.277065255,0.602643499,1.090340984,-0.079736453,1.101003746,-0.312411582,0.614203347,-0.893271118,-0.976491341,-2.186627858,-1.866797164,1.199035186,-1.388325473,0.104674227,-0.55223103,0.747859783,0.314645306,1.071018397
hsa.mir.199a.1,-0.361353576,0.452316068,-0.187068049,-0.238523856,0.141409876,0.234312932,0.4703397,0.089854392,-1.231438531,0.258037836,-0.083665604,0.48904507,-0.218580589,-0.82223924,-0.995342335,-0.596277477,1.645584877,3.464512886,-0.221821046,-0.49893418,-0.038447284,0.451124895,1.685028446,0.388790966,0.716715899,0.81034237,-0.384573498,-0.047448664,0.721836544,-0.164933662,0.207672701,1.410442769,0.072298393,-0.521837634,-0.270729196,0.530713798,-1.070766119,-0.499113457,-0.300264123,0.28849444,0.026571376,-1.818844608,0.976978821,1.390086966,0.625916625,-0.514345147,0.290707049,0.838311361,0.654721476,0.94171256
hsa.mir.199a.2,-0.333194645,0.446870507,-0.257162291,-0.187143381,0.054066923,0.284913256,0.553785481,0.156173988,-1.153641342,0.21653581,-0.159529153,0.423098077,-0.338967457,-0.966491786,-0.888849647,-0.586545519,1.675282849,3.460415191,-0.218122698,-0.48951047,0.015273296,0.527498557,1.79944478,0.367847455,0.745003459,0.855524283,-0.220553244,-0.054195304,0.772389665,-0.191296383,0.151739213,1.358730456,0.241935838,-0.548526699,-0.44349582,0.529473066,-1.094286122,-0.457593759,-0.229928567,0.2782341,-0.001282197,-1.729389744,0.845811318,1.294935187,0.51549506,-0.418599359,0.280854442,0.827877044,0.62679759,0.907876397
hsa.mir.199b,-0.284115322,0.435440519,-0.28919655,-0.155245043,-0.051852696,0.357638052,0.666045264,0.201783789,-1.027137099,0.115104732,-0.197058694,0.390254734,-0.503195294,-0.97577309,-0.709390712,-0.507864241,1.638095987,3.395420494,-0.24300021,-0.411594832,0.057165004,0.635704027,1.899826738,0.354462672,0.879405365,0.93962983,-0.088629845,-0.055901295,0.820310666,-0.23797284,0.064748775,1.329951353,0.462402054,-0.643596207,-0.675375414,0.576755283,-1.107150699,-0.324040778,-0.177831163,0.253503506,0.007046658,-1.692620417,0.586386165,1.147623897,0.349189523,-0.26667842,0.497275858,0.850373127,0.655297784,0.848193515
hsa.mir.19a,-0.962860066,-0.641459776,0.011897778,0.516774778,0.247298445,0.137047574,-1.024574349,0.459411557,1.661500784,1.305794879,0.186601333,-0.507403861,-1.311470811,0.023328016,0.957498151,1.76608185,-2.045540525,1.923732816,0.197198596,0.250330318,-0.700438424,0.880921817,0.738602024,0.780856003,-0.405115113,0.88471939,0.207443296,-0.414444552,1.497030977,-1.152059993,-1.2323009,-0.076382873,0.979038254,-0.604251298,-1.646500078,0.122310522,-0.763107588,0.159515585,-0.035810509,0.249934066,-0.836162672,-0.258917258,-0.564921641,-0.036122224,-0.940470008,1.844024134,0.433781656,0.76320984,0.174586892,-0.377581566
hsa.mir.19b.1,-1.516978702,-0.571107646,-0.401185152,1.082307286,-0.203561276,-0.253576764,-1.0312957,-0.012882059,1.205277324,1.0843659,0.128262733,-1.067469666,-1.946067009,0.192654795,0.503751999,0.675960536,-0.74037925,2.040860479,0.369820884,-0.020540761,-0.77147514,0.386368018,-0.161770083,0.615472467,-0.724565936,1.796631925,-0.080572867,-0.875979689,1.559646337,-1.339607807,-1.209494401,0.515772249,0.849389094,-0.027080695,-0.790228099,0.041718546,-1.414979139,0.374702358,-0.62156167,-0.126463933,-1.106788342,-0.76078646,-0.65217245,-0.018138845,-0.698448905,1.61444978,1.040747278,0.458983674,0.68258627,0.171636356
hsa.mir.19b.2,-1.625995528,-0.81363619,-0.476398155,1.018638692,0.00075153,-0.09277532,-1.180987445,-0.146117977,1.314760596,1.182683056,0.189660707,-0.72438989,-2.06326613,-0.110777112,0.226183594,0.58010176,-0.749575433,2.07280533,0.314599029,-0.331036158,-0.760523413,0.385594399,0.012205198,0.619931705,-0.790788783,1.8735554,0.130628482,-0.890088394,1.503601311,-1.531527085,-1.369676644,0.602642207,0.899503156,-0.495038975,-0.656394485,0.190056278,-1.303023677,0.467896898,-1.022796745,0.177804853,-1.299366362,-0.963448218,-0.719190153,-0.089458671,-0.703540568,1.68406196,1.008445252,0.674213913,0.614596983,0.112308655
hsa.mir.200a,-1.098910243,-0.413911849,0.035542092,1.363361899,0.783281665,-0.939526065,0.358942014,0.044735077,2.099302197,0.653197951,0.515064303,-2.338234851,-2.997309192,0.638344776,1.436593063,-3.389845701,-0.859402516,0.445672594,0.468448065,1.816995735,0.451350805,-2.4322001,-0.970032651,0.0648331,-3.474254043,1.312850632,0.255293329,0.252320731,-0.835921183,-1.198801577,0.118607606,0.033944445,-0.311602249,0.17923109,-0.189678472,2.129933862,0.431131511,-0.898779489,0.067795355,-0.6801834,-0.028822689,-0.845417501,-0.745923717,-1.248771499,-1.275155473,1.256674879,-0.868347613,-1.829168491,-1.589795918,-0.674206572
hsa.mir.200b,-1.128917623,-0.225346122,0.108923602,1.802710073,1.028090994,-1.103572828,0.153445113,0.047092502,1.113788512,0.462282299,0.613728426,-2.221347155,-2.953507317,0.709797275,1.148050616,-3.100496863,-0.764565709,1.494466467,0.954710856,2.052757335,0.386774712,-2.260902574,-0.871662793,0.16151367,-3.344572155,1.222904164,-0.067747443,0.613699813,-0.229232115,-1.727581421,-0.061825576,0.035882043,-0.290030303,-0.276481058,-0.276328777,2.260538248,0.376590016,-1.079124991,-0.275928503,-0.309946415,-0.062039623,-0.70694867,-0.280554328,-0.909172353,-0.832794471,1.105526757,-0.898173689,-1.848883069,-1.332038845,-0.800773125
hsa.mir.200c,0.196247154,-0.966185149,0.990261847,1.285135378,0.305112637,1.033756853,-0.072201486,-0.732879801,0.778085436,-0.216445002,-0.062130829,-0.569100183,-1.629316477,0.292157722,-0.398495618,-0.157239475,-1.676195566,1.77140379,1.239743429,1.131888702,0.621539906,-1.379199527,-0.286192174,-0.222190027,-3.58212122,1.103917921,0.108848253,-0.651551684,1.008088036,-2.285991427,-1.090926862,-1.0168913,-1.313723194,-0.459502264,-0.206300049,0.613768144,-0.307663538,-0.662906424,-0.25782258,0.375009373,0.295191611,-1.253590724,-0.622998847,-1.931525793,-0.730413498,-1.123266209,-0.826746353,-1.519006172,0.764196726,-1.001236884
hsa.mir.203a,0.724165878,0.484181159,0.063904577,1.751777937,1.244117105,-0.664074368,-0.105430475,-0.090200803,0.060040659,2.398311576,0.596428517,-1.816965811,-0.326267016,-0.045480095,0.632056354,0.787667121,-0.352145431,2.547055278,-0.061120352,1.320837233,-0.382592476,-1.076861757,0.340448154,-0.539538119,-1.676871599,-0.560130086,-0.618608607,0.616647064,-0.464066123,0.70982561,-0.036171483,-0.817740203,0.123628791,0.034049617,0.21282175,-0.226437155,-2.458652252,-0.199082487,-1.065886639,1.460131127,0.480356817,-0.175538655,-0.469511114,-1.005307675,0.066895964,2.037195384,-0.270932228,-0.632884898,-0.277453898,-0.229084847
hsa.mir.203b,1.114537005,0.697475059,-0.351297646,1.231639109,1.259382911,-0.211142315,0.099918246,-0.170993374,0.135384854,2.031501642,0.45551312,-1.644733529,-1.385448813,-0.026897395,0.136359855,0.669165819,-0.612417156,1.892562368,-0.519505115,1.21422553,0.181418866,-0.942918878,0.655945435,-0.958506766,-1.558904349,-1.326028603,-1.246387384,0.608673153,-0.709561877,0.622164673,0.019411579,-0.345127862,0.59466059,0.465813894,0.466263831,-1.428444839,-1.578411665,0.129604312,-0.706534389,2.343389004,0.351608283,0.173362801,-0.498891624,-0.792718411,0.032669071,2.48658087,-0.157561626,-0.624939927,-1.634171848,-0.603876201
hsa.mir.204,-0.898041059,-0.859136937,-1.014833681,0.097757134,-1.270067207,-0.477935522,-1.206005958,-0.061078646,-1.166506783,0.73316705,-0.339224049,-0.392360077,0.14957331,0.175022913,1.578028969,0.418372655,1.281686297,1.281680038,-1.262251132,-1.119172472,-0.88422284,-0.376322129,0.073237432,-0.175090158,-0.799215743,-1.134993412,-0.231018131,-0.284362916,-0.486183602,0.864873298,1.825968801,1.476164227,-0.013188106,-1.360497299,1.229959657,-0.709315737,0.98568315,0.353424348,-0.102261075,-0.994011216,-0.069170537,-1.107141193,1.222488367,1.039665908,0.430649274,-0.581296581,2.854095118,1.217698633,1.232594544,0.065957633
hsa.mir.205,-0.50099325,0.596464,0.511713598,-3.078225074,-0.971216108,-0.46785561,-2.134965711,0.077759825,0.909897077,-0.643869466,0.859607544,-0.395299223,-0.03823846,-1.510359576,0.651270068,0.489016671,0.009552221,1.93264742,-0.831721264,-0.505168691,-0.356529589,0.423842098,-1.79181874,1.533844825,0.928661095,-1.822247181,-0.290201198,-0.746707593,-1.512296591,-1.024567841,0.364563422,0.943516617,0.828619414,-1.07440814,1.014504978,-0.894245325,-0.207262543,-0.115222862,0.423685018,0.442537352,-0.80716484,0.635471989,0.871902222,0.238283606,1.150792638,0.082040174,1.37516574,0.702054792,0.813796531,1.066165627
hsa.mir.20a,-1.458401714,-0.457230647,-0.42614893,1.444572262,0.430970667,-0.326745889,-1.474687642,-0.232032334,1.161844243,1.041770206,-0.251683482,-1.161943044,-1.416406542,0.607128094,-0.22914424,1.030725212,-1.723532289,1.571740056,2.316769431,0.155072007,-1.30573686,0.366718,-0.263875596,0.273439651,-0.919714978,0.741274829,-0.268714031,-0.65197943,1.393856234,-1.107481109,-0.856155039,-0.352230271,0.155951613,-0.621468574,-0.428462344,0.12715759,-1.262717679,0.085256415,-0.805720126,-0.22823034,-1.006339611,-0.512779401,0.157662406,-0.034228006,-0.726742663,1.555909541,0.191594713,-0.200157317,0.980359353,-0.525346931
hsa.mir.20b,1.500095178,0.383490746,-0.617658363,-1.455580671,-0.497849972,1.148761804,0.717985414,-1.452687748,2.879516949,-0.442603127,0.980924378,-0.747181231,-1.172109417,-1.443222953,1.149917608,-0.278455939,-0.433113354,-0.110630403,0.03029527,-0.563583281,-0.382359635,0.542182686,1.470824539,1.17484533,-1.621275917,-0.855728702,0.402045533,0.37836094,-1.555307574,-1.416001271,-1.390839712,1.112184072,0.646707544,-0.410967715,-0.935693202,0.318008505,-1.143557665,0.711261405,0.605085481,1.401724457,-0.636834895,-0.983930296,-0.86104414,-0.364713232,0.57824807,-0.613058572,-0.826477266,0.751227429,-0.897042546,-0.312563902
hsa.mir.21,0.600825776,1.355440984,0.457039871,-0.140234547,0.283547537,-0.212869251,0.589363285,0.05325178,-0.701363096,-1.710273723,0.449284435,1.483054352,1.079763566,0.371395897,1.072008784,-0.831455628,-1.01532788,-1.817985136,-0.868211334,-0.355856291,-0.340119291,0.687987517,0.677319574,0.473843012,1.461449381,-1.422232178,0.112381574,-1.264663043,-0.36814735,0.703681516,0.124815922,0.42325348,-0.298748879,0.517841864,-0.966298066,-0.731950732,-1.654850056,-0.873995086,0.182784817,1.689723741,1.324071807,2.282221239,0.500859729,1.056206966,0.051194731,0.53177527,-1.351769105,0.157751692,-0.135712961,0.268999731
hsa.mir.210,1.565533818,0.379745554,-0.350710317,1.542646518,1.080674298,-0.140370212,-0.242444616,-0.549118001,1.809702806,0.186037225,2.060030737,-1.19684642,-2.372102641,0.060759089,0.214323269,1.892715424,-1.043975856,1.957185373,0.435930267,0.290063595,-0.298405549,-0.242887784,0.638604489,1.632490615,-0.242893991,0.487268775,1.748646936,-2.594287004,0.809950285,-0.532557859,-0.998203738,-0.578463603,1.870774118,-1.595764943,-0.778700645,-0.326598971,-0.027571891,-1.294564122,-0.485764696,0.953186228,0.735079953,0.420291925,-1.437662077,-1.0778463,-0.904410955,0.577879451,-1.956288361,-0.200876086,-0.133768108,-1.499606229
hsa.mir.2110,-0.643243457,0.65830439,-0.29867159,0.927347552,-0.94925761,1.091332516,-0.050283002,-1.16057134,3.598504873,1.395973149,-1.735387852,-1.778673236,-1.547043529,0.131449048,0.609917274,1.89173963,0.001478881,0.80561827,-0.309271182,-0.765002467,0.759896558,1.377664568,-0.924395797,-0.620817806,-0.484414965,0.957973616,-1.223118484,-1.22994801,1.178742467,0.065150817,0.081990374,0.082379183,-1.132593853,-0.395294236,0.009514907,-1.410050698,0.636290087,0.468432799,0.405693222,0.500152286,0.021666539,1.070157632,0.5338127,1.251802072,-1.368018778,0.25234203,-0.443690124,0.287026604,2.129990373,-0.830518877
hsa.mir.212,-0.885981268,-0.679182882,-0.151871633,1.727789963,1.98311814,-0.919536863,-0.12277555,-0.331593656,-1.212164014,0.748124583,-1.752235922,-0.612933074,-0.519829468,0.517527186,0.345943656,-0.161596435,0.732155436,-0.365308857,0.599107538,0.568614134,0.302695212,1.731512403,0.614753881,-0.21110268,0.22847313,2.641376637,0.180599475,-0.184648253,0.168097324,-1.356188693,-0.882171208,0.501394145,0.155984657,-0.826751106,-0.999943032,-1.741765302,0.348784418,-0.485060438,-1.138295219,0.330734964,-0.742460546,-0.991869376,-0.178227064,0.80615466,-1.694647062,-0.134094943,1.710695283,0.65619792,-0.115993976,-0.060298693
hsa.mir.214,-0.148643643,0.341127597,0.115867905,-0.308961677,0.052912392,0.307775843,0.796964657,0.013484452,-2.110431537,0.680331619,-0.400001912,0.37198429,-0.524314763,-0.603438785,-1.86308931,-0.334396321,1.079049786,4.528358421,-1.301637076,-0.546236674,0.381871415,0.627781508,1.373383559,0.998317244,1.056497961,0.682355531,-0.713155812,-0.401019368,0.899369644,-0.280804601,-0.215525811,2.374512217,0.065926872,-0.437665935,0.03776428,0.164819591,-1.690131877,-0.233290253,-0.428165301,0.23328549,0.309647411,-1.774067723,0.246706033,1.307823996,0.796088706,-0.201878343,0.593174762,1.260954102,0.583690419,1.234540717
hsa.mir.215,0.271116669,0.113336428,0.269042885,0.153732944,-1.202986947,0.384793584,2.061352946,0.781307432,-0.577748544,1.726983006,-0.60721196,-0.021172465,-1.634342724,-0.232367219,2.022166938,-0.26827793,-0.942793303,-0.954503751,-1.508421513,-0.357881318,-0.441021045,0.641491424,0.818823526,0.567050843,-1.138489005,1.772294133,-0.185141042,0.314862122,-0.035168862,0.017526289,-1.052201235,0.14561597,-0.721941813,-1.970991199,2.624524507,0.277778233,-1.136732189,0.475406358,-0.016435175,-0.80559331,-0.50201455,0.527069423,-0.07770113,0.708031691,-1.093815487,0.83622189,-0.879785404,0.05245646,0.745206675,-1.379446352
hsa.mir.217,-0.973485138,0.482647824,0.734555111,0.228166726,2.319088494,-0.555163824,1.881714212,0.864571014,-2.33877011,-0.451662048,-2.078717238,-0.13121105,-1.2134746,-0.084446015,1.526289411,0.757161301,0.079225474,-0.616342209,6.11338073,-1.011295659,0.037116015,3.330148504,-0.029247953,1.339273175,-0.078397524,-1.349932888,1.000056986,0.775675136,-0.350255715,1.553552494,0.07127432,0.916081059,-1.949660216,-0.593531498,1.421531136,-0.574847945,-0.246333922,-0.002052548,-0.21092334,-0.367677744,-1.103671593,-1.292247779,-0.62982725,0.986104019,-0.267796608,-0.891007795,2.227884062,1.346223561,1.044936057,0.263496672
hsa.mir.218.1,-1.732162179,-0.390168457,-0.747561928,-0.388115436,0.374754013,-0.087256713,-0.589649349,-0.403707131,-2.665945329,-0.145947505,-1.099535874,-0.153965053,-0.789466017,-1.232552634,-0.763134051,0.232487774,1.196357166,1.054384221,-0.116087045,1.502989873,-0.458095831,0.833936496,0.217235012,0.736355328,1.6783295,0.813173604,0.387506678,0.663599724,0.370128864,-0.555887477,0.179136573,2.223445298,-1.763566858,-1.200970381,0.376657656,0.866031676,-1.043014366,1.009417734,-0.215246823,-0.012148277,-1.12302902,-1.805459596,0.455897424,1.153727901,0.802199866,0.288205494,1.657820519,0.480741353,0.683745437,0.874426167
hsa.mir.218.2,-1.623801062,-0.436780319,-0.127471338,-0.338112736,-0.027612589,-0.85410629,-0.864159986,0.274262295,-1.394019028,-0.308030884,-0.734727004,0.081549073,-0.809621012,-1.040066896,-1.464701872,-0.109902302,1.358331933,0.501940839,0.233596343,2.180158798,-0.567311118,0.254921351,0.152267304,0.526727953,1.614385251,0.65125385,0.457708725,0.523123492,0.394214016,-1.859116463,0.432534917,2.144000105,-2.283979062,-0.673691559,0.401278847,1.398219022,-1.184502075,1.168960627,-0.104947009,-0.165297986,-0.933795401,-1.867069869,0.155087537,1.123564314,0.965302172,-0.315592337,1.557992827,-0.017587988,0.85780804,0.804861765
hsa.mir.219a.1,-0.964425567,-0.884067147,-0.359555098,1.484593845,0.833620784,-0.754180378,-0.702405849,-0.723795539,1.531001967,0.703775651,1.699315482,-1.051126817,-2.103643608,-1.097055638,-0.812842737,1.568161682,-1.152598134,-0.791663055,0.486743896,1.63375649,-0.923329202,-0.003712738,0.821917566,0.530561801,-1.665535119,0.734816518,-0.404674485,-0.312374175,0.176063714,-0.134491691,-0.750104277,-0.145080021,-1.373763807,0.247901638,-0.318123679,-0.304224018,0.303200618,-0.48740552,-1.239449388,1.214405681,0.114845376,-1.937834649,-0.059433626,-0.26603528,-0.474595301,-0.415780602,-1.052440274,-0.434541107,0.577727812,-0.024803707
hsa.mir.22,-0.159700879,0.800631852,0.036117298,0.291128705,0.687572613,-0.30431748,0.986337614,-1.002736212,-0.420052122,0.526458807,-0.330313217,0.515570869,-0.747923212,0.873988812,0.782002373,0.995347124,1.040448566,-0.009233188,1.766774104,-2.203671518,0.467336099,0.773521671,1.268579801,0.456910201,1.579447197,-2.225017888,0.893385957,-0.559827954,-0.162547085,1.788551892,0.384312991,1.016809423,-0.228003423,-0.234604587,0.282097552,-0.842997089,-1.020648229,-0.600496273,0.51761955,0.506818356,0.064861344,-2.497150734,-0.231355208,1.449636029,-0.211100434,-0.374366018,-0.235809428,1.797654891,0.796534741,0.482343037
hsa.mir.221,-0.516045772,-0.251946741,-0.031499285,1.557944014,0.699429118,-0.603070829,1.454037377,-0.970865965,0.0779751,2.448752056,-0.983695731,-0.452985543,-1.683262434,-1.104751785,1.916589972,-0.368562411,-0.444006562,-0.02629546,0.53500584,-0.588199877,0.01577105,1.028163581,-0.59686132,0.071542006,1.322110482,-0.398317008,-0.623226528,-0.949881761,-0.556971273,0.325289868,-1.002970083,0.890034773,0.789256891,-1.013946929,0.23604721,-0.784159441,-1.842599836,0.459306553,-0.578016741,-0.01293156,-0.652542703,-1.455654654,-0.81552384,1.530993637,-0.733768325,0.547802458,1.105755362,0.337833684,1.092620241,0.017471942
hsa.mir.222,-0.225273846,-0.758165276,0.131506375,1.259979703,0.628454747,-0.651280998,1.467566057,-1.409416372,1.154029503,2.524657418,-1.161345812,-0.436806443,-1.368367347,-1.263403572,2.108560006,-0.507988211,0.281096775,-0.26056672,-0.12406518,-0.914805454,0.151224438,0.93697637,0.030301608,0.156469661,1.325784872,0.075166677,0.063624078,-1.526026964,-0.116729726,-0.379183852,-0.305850488,0.656763945,0.446779716,-1.368735322,0.276362879,-0.19116966,-1.815144394,-0.063112406,-0.485783188,-0.095534197,-0.627208176,-1.456802534,-1.023924329,1.276018436,-0.916706758,0.79284532,0.642536762,0.543973774,0.833365659,-0.056621622
hsa.mir.223,-0.769988698,-0.681201054,0.235125896,-0.353138693,-0.164390011,-1.312131474,-0.782643491,-0.658496195,-0.142512587,1.765554555,-2.255463137,-1.410477505,-1.284239019,-0.535785146,0.918368077,-1.923334378,0.221507299,2.765596087,0.080018193,-0.349867316,-0.398314453,1.58771209,-0.65412247,-0.087352366,0.702529749,-0.545237948,-0.310252741,0.273894986,-0.089290088,0.129970744,-0.614039486,0.303092689,-0.645862839,-0.247204281,0.364972182,-0.527131043,-1.011437935,0.82024037,-0.032047255,-0.107957491,-1.857873824,-1.462954814,-1.047232394,1.776214528,-0.62102265,0.395261742,1.572541608,1.874346551,0.981406683,1.518364636
hsa.mir.224,-0.262374434,0.50122684,0.221921868,-0.574676199,0.78206527,-0.97011304,-0.190625342,-1.429420086,1.939133138,0.508242133,-0.454099388,-0.517977727,-1.103026114,-1.178091971,1.728291161,0.905673558,-0.321216711,3.654930674,-0.342985787,-0.235167475,-0.767037302,1.074632572,0.224248482,2.471029189,0.587161937,-0.996386563,1.157730219,-1.069981739,0.240838128,-0.689038486,-0.728470641,0.117776984,-1.25905533,-0.836607725,1.331258613,0.087337947,-0.870134452,-0.349853677,-0.46267824,-0.262804764,-0.942214246,2.135450008,0.015172459,0.526187814,-0.8699401,-0.173152563,0.387979201,0.955171093,0.539902387,-0.476218917
hsa.mir.2277,-0.275065713,0.096440282,0.296825104,-1.009407503,-0.088882565,-0.068621451,-1.262380525,2.242839733,0.430019445,1.174517727,1.357785276,0.003831397,-1.497399193,-1.059518151,0.768940744,0.039383023,0.074819877,1.704301418,-1.769342656,-0.177307544,0.446963896,-1.071161772,-1.297153777,0.102493795,-0.297573889,0.01678084,1.555502107,-0.845162474,1.02350712,-0.461250948,0.564329426,-0.031833522,0.216345184,-0.847566032,0.523467023,-0.137224209,-0.493769646,-0.096144489,0.361251715,1.511608537,0.900514723,-0.67133844,-0.917615815,-0.526201176,0.538762679,2.117657686,-0.737984688,1.556576138,0.247741829,-0.707527806
hsa.mir.2355,1.246643364,-0.174823641,-0.74355465,-0.561782105,0.627162804,-1.460872993,-0.177584338,-1.299736424,1.692169188,-0.127554397,-0.710647316,-0.762810034,-1.296112517,-0.874330229,-0.181275668,0.865184648,-0.349264183,-0.167179872,-2.080799234,1.78157689,-0.302018541,-0.439409949,0.95981669,1.522535248,0.327566371,0.208540271,-0.021352267,-0.476933617,0.326828287,0.69658672,-0.706092732,0.38993793,-0.24066495,0.88202108,-0.815748678,-0.201545529,-0.85205698,-0.433944192,0.368904751,0.583847986,0.777797075,0.358372125,-0.630145143,0.739866697,0.097431715,1.732594253,0.530965345,0.619735781,0.034119902,0.505813721
hsa.mir.23a,-0.67258016,0.592081642,0.602831426,4.343380993,1.09527764,-1.132696438,-0.719895196,-0.936129796,0.786298941,1.350868621,1.320022495,0.046006433,-1.480214566,0.267036463,-0.047794156,0.432013739,0.953994559,-1.048855805,0.703896793,-0.177339264,-0.437228093,-0.550655317,1.020250004,-0.132673246,1.131346833,-0.52498993,-0.498896374,-0.82204743,1.803477994,-0.113173144,-0.602802902,0.270249451,-0.438776048,-1.43772298,-0.282277679,-0.006152472,-0.604564029,-2.03141961,-0.54141277,0.74687022,-0.580876233,-1.543112715,-0.325312904,0.195563533,-0.181583041,0.078426987,-0.176632044,0.34340498,0.667896748,0.06709103
hsa.mir.23b,-0.447423957,0.818903381,-0.35102794,1.535604503,0.999722103,-0.354173637,-0.053657835,-0.693556827,-0.409273762,-1.194150385,-0.067262241,0.064919785,-1.614804981,0.593321983,-0.193518001,-0.00862194,1.582538355,-1.437347451,-0.643712545,1.016954061,-0.500686834,-0.282909332,1.939648603,0.862686677,0.806409511,-0.069424195,-0.549694993,0.012864314,1.004215057,0.143311898,1.134777765,0.497657552,-0.792556559,-1.117992963,-0.603322494,0.171749768,-1.295836283,-1.617389731,-0.452296514,-0.131178311,-0.921175573,-1.423389179,-0.431808994,0.106904333,-0.418301724,0.469045734,0.541500813,0.146680902,-0.628092905,0.284760729
hsa.mir.24.1,-0.998552548,-0.149570243,-0.326688888,3.551861347,1.351105883,-0.524947688,0.181206774,-0.343191183,0.007004156,2.066466954,0.299442575,0.183436526,-2.13402893,-0.321265307,-0.126794875,0.389683907,0.052584612,0.556446871,-0.204534717,-0.408677282,0.124703023,0.153090306,0.590687992,1.063966092,0.246252347,0.617334067,-0.316515446,-0.551406985,1.537088361,-0.155626255,0.004933658,0.778962444,1.24619556,-0.516399045,-0.291826076,-0.20971716,-0.862930193,-0.311134498,-0.580464918,0.568766228,-0.562648014,-0.585268209,-1.744528788,0.242479072,-1.006711299,1.76355092,-0.22147223,0.419831568,0.232430401,-0.366119811
hsa.mir.24.2,-0.93231488,-0.154951395,-0.177689518,3.521209578,1.356487235,-0.512052844,0.088446114,-0.279802051,0.001933056,2.039463039,0.385781161,0.156531566,-2.098842881,-0.344425273,-0.433644612,0.385239251,-0.006523642,0.412713786,-0.245663968,-0.486271111,0.129259422,0.216918313,0.455590008,1.088178424,0.185709146,0.576469565,-0.345324677,-0.601451277,1.498517921,-0.143053238,-0.004327352,0.858809969,1.224117472,-0.435690646,-0.317109768,-0.22387297,-0.843358122,-0.257530557,-0.613878985,0.541974153,-0.613973212,-0.58493366,-1.665551019,0.235288288,-0.92110568,1.806348051,-0.286677926,0.458193084,0.25430773,-0.279537013
hsa.mir.25,0.211299594,-0.52487646,1.012141639,0.337054491,0.439319437,-0.509063798,-0.426369465,0.111249231,1.593339318,1.478678024,-0.035857307,-0.60615763,-0.989173773,0.13222796,1.055422795,1.635999598,-1.782735115,1.801563237,-0.223502495,0.876614055,-1.399147588,0.656230207,-0.438332595,-0.100539077,-1.452414501,0.460982312,-1.508896682,0.567403892,0.687284722,-0.163120065,-1.183515428,-0.745001822,0.214236832,0.28916273,0.996538973,-0.712388488,-1.357052097,-0.104903237,-0.682526131,-0.092695921,-0.5148821,-1.223260376,-0.021957544,-0.308356396,-0.742907369,0.792872784,0.65775982,-0.039834284,0.613701245,0.202487879
hsa.mir.26a.1,-2.3214119,-0.622394408,0.300068789,-0.236241748,0.674320692,-1.253275502,0.804093792,-0.990046502,-1.457732976,-0.135307689,0.081463126,-0.77964032,-1.891777117,-1.071303198,-0.059368887,-1.878280059,0.132949505,0.200061279,0.773940394,1.42364412,-0.086677008,0.255785708,-0.472663495,0.219956617,-1.455330767,1.954815048,0.142280496,0.87970245,1.429948118,-1.004457486,-0.406593862,1.10616741,0.184377333,-1.637694674,0.875285783,-0.444913694,-1.335067225,1.380525182,-1.434522607,-0.95367182,-2.65245643,0.484897253,-0.662877176,-0.565311686,-0.974097429,0.466394601,1.717670908,0.301974434,1.603310425,0.653902638
hsa.mir.26a.2,-2.309518498,-0.77627347,0.132549792,-0.266390622,0.756919201,-1.462586446,0.670402339,-0.942360109,-1.420587095,-0.290252386,0.187656663,-0.83219367,-1.782851713,-1.011601952,-0.080622202,-1.637837732,0.098624779,0.363317801,0.79218975,1.381325192,-0.113671586,0.235584318,-0.361882646,0.330667136,-1.473561608,1.960781424,0.182242511,0.899966157,1.453041277,-1.046290296,-0.365023083,1.284499834,0.086636595,-1.689976125,0.669614231,-0.514270318,-1.386154916,1.430062781,-1.368816028,-1.072022846,-2.535480642,0.544896502,-0.611324354,-0.572724315,-1.008016168,0.520599652,1.689514185,0.371084797,1.526288361,0.821152802
hsa.mir.26b,-1.187633738,-1.336801725,0.70190742,-0.234150108,0.313090322,-0.691713154,0.032989615,-0.257256543,-1.142893063,0.988692918,0.533252463,-0.069757316,-1.836003259,-1.157807982,-0.878317974,-0.855407225,0.630423977,0.942992949,-1.89568611,1.748771517,0.666890103,-0.309868375,-0.214353334,0.522166878,-1.570343819,1.445710427,-0.143913183,-0.615897261,1.392752051,-2.076957782,-0.883372694,1.500164127,0.607973267,-0.555070403,-0.11451571,0.377624495,0.11440189,0.175829948,-0.842549056,0.403860282,-1.16178117,-1.897326055,-1.649900647,-1.184348718,0.304561386,0.630562676,0.714561811,0.910838674,1.427048496,0.538029764
hsa.mir.27a,-0.68762158,0.009899136,0.579344109,3.845668812,1.525411502,-0.647480451,0.184887566,-0.772521391,-0.323335789,1.642990948,1.721428312,0.017034614,-2.144274718,-0.032365532,-0.266288353,-0.514150539,0.146509977,0.933696767,-0.705495132,-0.005968857,0.147156056,0.273812391,-0.127090564,0.463721995,1.088366335,0.32640332,-0.502918245,-0.876672774,1.367878439,-0.983524363,-0.576921367,1.029927275,0.741001959,-0.544361671,-0.531978831,-0.697966057,-1.215409489,-1.097123017,-0.60190455,0.406738121,-0.519457894,-1.233557744,-0.860847001,0.054823346,-0.433596796,0.733119173,-0.038868312,0.959092365,0.617504982,0.072278967
hsa.mir.27b,-0.425913775,0.537336354,-0.26450368,1.057873951,1.369087376,0.391362058,0.513467965,-0.378836492,-0.721567374,-0.876942486,0.638091617,-0.114253176,-2.327936198,0.219382906,-1.195242016,-0.571166429,0.688742805,0.735890457,-0.430130494,0.912710789,-0.151455815,0.035953162,0.947321665,1.27111279,1.098052006,0.322191456,-0.80291233,0.035026919,0.770057418,-0.337181153,1.011680592,1.313048735,0.315574951,-0.535915877,-0.680218516,-0.037439089,-1.881494215,-0.502322487,-0.943160212,-0.015464263,-0.876119383,-1.392062681,-0.880724295,0.248157819,-0.266085715,1.362980276,0.834738993,0.583556808,-0.766784529,0.234828143
hsa.mir.28,-0.374375678,0.138425446,0.852050962,0.344457255,1.130347317,1.640296207,0.48174824,0.139250053,1.523961099,-0.240643055,1.218438125,-0.712928376,-0.632231166,-0.0951795,-0.563062468,1.816936084,-0.114753033,-0.663369622,0.125207118,1.610540018,-0.154789037,0.301143374,0.169177723,0.169572309,0.264255312,-0.204930681,0.034842376,-0.549239093,-0.818194012,1.439283929,-0.777326793,0.025147014,0.748692837,-0.004630196,0.27815044,-0.701594278,-1.341047588,0.21867033,-0.032588607,-0.528445838,-0.080568109,-2.292620655,0.46668718,0.418858433,-1.0006056,-0.636822645,2.054110867,0.290262745,0.825381886,0.741876032
hsa.mir.296,0.407700752,-0.338977491,-1.324758716,-1.136882965,0.884611977,-0.195489556,0.085479179,-0.797302789,0.515658897,-0.862490017,-0.350619045,-1.055689492,-1.007960003,0.051407916,-0.273864738,0.956944291,-0.767809275,0.194971501,-0.818801304,1.05566166,-0.257191013,-0.181368983,1.365556745,1.874266438,-0.045380696,1.660097069,0.335982702,-1.116944514,0.345533939,-0.539168158,0.649121922,1.620327987,0.01435777,-1.317738726,1.018952146,1.36920825,-1.25492751,-1.280303101,-0.223430209,1.237744933,-0.431783997,2.051738156,-0.460494236,-0.251184043,-0.555349598,-0.720831765,1.041067804,0.548145555,-0.439454502,-0.181484706
hsa.mir.299,-0.178586612,1.089132953,-1.506144257,-0.130857365,0.562254448,-0.064056061,0.423130719,0.110443812,-0.14375119,1.675537995,-1.487798056,0.893352043,-0.280467117,0.171027441,-0.02270436,-0.724935682,2.133217584,0.191818231,-1.008894192,-1.909151778,0.625233007,0.549108281,-0.109907273,0.711409208,1.727558134,0.004495715,0.560144729,-1.203036824,-0.343519953,-1.823265815,-0.47314603,1.508180218,0.11121283,-0.904942531,0.672578904,-0.502700408,-1.537563121,-0.74759744,0.14419319,0.81811144,1.665206307,-1.214534744,0.486538743,2.969596186,0.699809002,-0.58899483,2.560006033,0.262880178,0.244510906,0.217440399
hsa.mir.29a,-1.38454697,-0.339448901,0.205319873,0.243093176,-0.793611317,-0.461083857,0.531367909,-0.53863927,0.337572488,0.633569043,0.363971119,-0.555303808,-1.903737178,-0.169710064,1.349991254,-2.55048702,-1.058776163,0.38474639,-1.925721885,1.442551143,-0.361272465,1.146978342,-1.013001897,0.906296822,-0.543419249,0.706186014,0.011878782,0.290202028,0.211219753,0.247888393,-1.11136661,1.259513138,0.870695226,-1.19388428,0.746878405,-0.883854497,-1.179531898,1.349763324,-0.179964502,-0.927860294,-1.246888973,-1.404793074,-0.820306262,0.31559277,1.107760055,1.119106805,1.818287708,1.007461151,0.894419928,0.746489437
hsa.mir.29b.1,-0.402471401,-1.273670628,0.986368018,-0.195469387,-1.469670344,0.772600015,0.975375607,-0.762506212,0.84794276,-0.176186225,0.433883231,-0.339098301,-3.609652483,-0.06896904,1.8428029,-2.399060409,-0.825827004,0.454564419,-1.17978578,1.393878846,0.137509812,0.885555564,-1.085964705,1.031506515,-1.791205671,1.654055107,0.677352437,-0.884445006,0.746129542,-1.559897549,-1.252127177,0.32170461,0.174340852,-2.294566648,-0.619204374,0.221341793,0.50555101,0.467977047,-0.141305222,-1.146919631,-0.951504062,-0.976966425,-1.887166163,-0.79665732,-0.051698644,0.840675558,-0.045249539,0.857538513,1.063737734,-0.436941265
hsa.mir.29b.2,-0.572089396,-1.310213473,1.147579639,-0.363457562,-1.815073535,0.887035816,0.992875137,-0.72151157,0.698359682,-0.404814164,0.471248117,-0.394108253,-3.147595751,-0.160107305,1.718326768,-2.197838663,-0.875636547,0.303612826,-1.391061022,1.437393105,0.115105348,0.778398765,-1.131124139,0.928492132,-2.23191184,1.821470116,0.520014216,-0.877138603,0.775029707,-1.26835202,-1.484170261,0.315074294,-0.085072462,-2.111362403,-0.253825667,0.411552247,0.718930062,0.484748801,-0.175817849,-1.270253288,-0.85120334,-0.97641734,-1.951759672,-0.967850132,-0.069201502,0.548435756,-0.259530265,0.695326562,1.286485482,-0.55477679
hsa.mir.29c,-1.759314805,-0.74699799,1.112702264,-1.422915581,-1.753640063,1.717235144,1.520145687,-0.165021572,-0.002573345,-1.453389177,-0.059688776,0.129494883,-1.286142479,0.291409251,0.101188558,-2.658752344,-0.877193799,-0.674693831,-0.872540299,2.040677258,0.758143114,0.80653021,-1.494258146,0.156236459,-2.34708968,1.199532877,0.704696973,0.825762906,0.077396358,-0.947924173,-1.100010012,1.069608814,-2.08700127,-1.411429131,-0.062592543,0.645659424,0.252731916,0.710153048,-0.6200584,-0.729436372,-0.957449693,-1.186912681,-1.278897618,-1.267372164,0.551881604,0.719165179,0.320089877,0.387967788,1.348791316,0.334133583
hsa.mir.301a,1.08692342,0.123173727,-0.494253952,1.083874069,0.574881037,-0.657356277,-0.681158139,0.141205851,0.333483738,0.616526651,-0.001279696,-0.320658539,-2.09567251,-1.176635204,-0.390664289,0.513787537,-1.156741321,1.022343604,-2.175639317,-0.08060293,-0.354305362,0.31088595,-0.252083957,1.046191625,-0.770700108,1.449585212,-0.373208296,-1.660774834,0.747049086,-1.593750014,-0.882449592,-0.53976,0.718562275,-0.721481709,-1.287233664,-0.232216642,-0.636166874,-0.740994337,-0.484020328,0.92085623,0.226119336,-0.794231512,-1.661143867,-0.375255273,-0.867971458,0.750720788,-0.423341471,0.457027443,-0.501959948,-1.057820234
hsa.mir.301b,0.075298314,-0.081811744,-0.905431055,1.139175484,-0.872289917,-1.110063196,-0.460736553,-0.986991032,1.177813397,0.806903469,0.080496667,-0.522173928,-0.490321229,-0.600581164,2.260538318,2.519217626,-0.136784774,3.41157988,-1.356984113,-0.334352044,-1.06226046,0.620016455,0.706139592,0.772407638,-0.334166455,-0.310043244,-0.62632304,0.21678888,1.43657022,-0.512785667,-0.056608825,0.877999326,0.294259561,0.387940494,-0.106732612,-0.226614911,-1.215193437,-0.936055953,0.144698575,-0.642570778,-0.214259327,-0.682734822,-0.688364163,0.516295267,-0.812182064,1.967154882,0.390947825,0.585266122,0.319373396,-0.820684831
hsa.mir.3065,0.515191837,-0.097239811,0.556395161,0.516078967,-1.590894768,-0.164729317,0.084688194,0.465496022,-0.94563604,0.429843042,0.105291367,0.212470101,-0.730883208,-0.623023207,0.547585916,0.623669378,-1.748044514,1.191931133,-0.980110149,1.703733963,0.601519965,-1.553269747,-0.761559915,0.327313103,-1.289541725,-0.290638402,0.48633598,-1.238786938,-2.19862047,0.410406795,-1.522051109,-0.152065184,-0.355499921,-1.525534409,-0.84210407,0.716723526,1.664219977,0.110686966,0.229571197,-0.629131997,-0.505788089,-0.758489667,-0.596082068,-0.311150245,0.422141381,-0.023270377,-0.003023322,0.412109704,-1.686333361,-0.385733699
hsa.mir.3074,0.127425268,0.078591764,0.972292775,0.775801541,-0.889177368,1.989258577,-0.033364677,0.098822362,2.26084278,1.238387767,0.366307955,-0.502878085,-0.176633428,0.40501926,1.623822815,2.271564996,-0.611588766,0.974709602,-0.164883607,0.024504377,0.161172725,1.211347127,-0.038939668,1.402266911,-0.803986103,-0.743332049,-0.56233092,-0.840046559,1.072710836,-0.796630344,-1.412496385,-0.668149545,0.815612454,0.221420566,-0.393915789,-0.122355874,-0.021661966,-1.795878535,0.488611588,1.822011286,1.305631206,-0.520546535,-0.663701242,-0.771222075,-0.558737981,0.582294212,-0.670841913,0.051364163,0.619201499,0.0487967
hsa.mir.30a,-1.431401132,-0.180764902,-1.694339579,0.940621965,0.133119201,0.734187833,0.467478102,1.17234646,0.229184543,-0.511431019,0.515460159,0.410931615,1.558877952,1.446056458,-2.162066792,0.358001474,0.100691198,-1.605256371,-0.706359174,0.964039481,0.473153488,-0.555192041,-1.17887687,0.021998836,-1.752419367,-2.060046295,-1.527940644,-0.774812384,-1.241083711,0.479018653,0.640981034,0.300240114,2.302996357,1.840457741,0.881144183,-0.67791558,0.215312557,1.373800159,0.152567547,-0.863967502,-0.651337363,-2.746267122,1.053955333,-0.272009783,0.861421472,-0.755509969,0.808130639,-0.82033228,-1.746817008,1.001016538
hsa.mir.30b,-0.995348447,0.06593846,0.6366847,1.205888396,-0.931064792,0.890009227,-0.177354288,0.496434091,-1.590142921,0.044178819,-0.510741437,-0.607156358,-1.673533046,1.073127364,-1.154625931,1.015465629,-1.503051847,1.426828486,-2.87933865,0.688543861,-0.040917424,0.496851658,-0.633630013,0.799925436,-1.636645151,1.659680895,-1.770556274,-0.10360742,2.031942055,-1.573757676,-1.043540497,0.959241415,0.381965839,-0.821553963,-0.378687376,0.061386086,-1.172828375,0.920854495,-1.843132245,-0.198198996,-1.261927016,-0.859148292,-1.257112993,-0.91927317,0.160039464,1.365974073,1.548372963,-0.559752876,0.594088992,1.658622959
hsa.mir.30c.1,-1.642885899,-0.284897258,-0.290021992,0.58776462,-0.379833711,0.913127006,-0.072698003,1.199808885,0.530190016,0.722723216,-0.194186122,0.055735798,-1.369789196,0.798128536,-1.870417294,0.700899549,-0.301512695,0.583730632,-3.121664689,1.014060656,0.095052848,-0.644688536,-0.703419946,0.676722338,-1.96380745,-0.544485139,-1.084968643,-1.265963441,0.594657251,-1.865119463,-0.776644381,0.874539166,2.950200033,0.758371398,0.515504133,0.494000073,-0.651907982,0.820742929,-0.988079304,-1.192058355,-1.474734796,-2.734113973,-0.563951893,-0.151538245,0.175702223,0.364952549,1.082851357,-0.085714548,-0.822074733,0.579287831
hsa.mir.30c.2,-1.718003413,-0.269775956,-0.387265848,0.423517284,-0.419218833,0.733719539,-0.045358985,1.423844466,0.920239856,0.688462702,0.180424493,-0.012403603,-0.77804035,1.047593199,-1.710988659,0.563072569,-0.162101858,0.34945669,-2.477125296,1.090552021,0.159190958,-0.765348238,-0.942205804,0.579302421,-1.919686877,-0.674478612,-1.232222624,-1.304639725,0.435773226,-1.561838781,-0.280853298,0.586283184,3.085326243,1.020700913,0.879678623,0.43085999,-0.436384458,0.831177808,-1.082303408,-0.978103184,-1.470941649,-2.808442059,-0.219725056,-0.246412296,0.293813706,-0.049019262,0.883981883,-0.305230075,-0.997348194,0.784039727
hsa.mir.30d,-0.211129785,1.02182442,0.144905397,2.574496812,-0.623892223,0.538611373,-1.145772231,0.359415886,-1.251475251,-0.058237008,-1.613018721,-1.416083737,-0.519599102,2.849810436,-0.264325177,1.661863425,-1.071429507,0.089613603,0.726501427,0.65727449,-1.116402151,-0.410756967,-0.167411688,-0.332819507,-2.325668543,0.004524937,-2.178648421,-0.4468781,2.197322806,-0.675884728,0.120921907,-0.2772741,-1.146142329,-0.928712863,0.216352537,-0.064045857,-0.714865702,-0.023846739,-0.866040256,-0.101942815,-0.648941273,0.257378867,0.1537133,-0.459580053,-0.281349396,0.093995472,-0.268529585,-1.350062674,1.243502009,0.239005495
hsa.mir.30e,-1.869452989,-0.058060869,0.121433144,0.583214895,-0.515772079,-0.479378876,-0.689175191,0.216613823,2.028482721,1.725802235,-0.159759825,-0.847086883,-1.761730521,-0.195057334,0.920562879,0.364244807,-1.097578059,1.207768714,-2.70628469,1.069491682,-0.111032836,0.228718398,0.125509261,-0.420245002,-1.737946796,0.523401838,-0.259411442,0.665833889,1.567108157,-0.930438021,-0.638182177,-0.020393285,-1.478589583,-1.662190489,0.866773202,0.793714188,-1.391672623,-0.213700737,-0.705384062,-1.265213214,-1.172765167,-2.513567387,-1.481891795,-1.200111122,-1.385985624,1.553242781,0.942650758,0.524321275,0.46516357,0.010916909
hsa.mir.31,0.219175049,0.231866021,0.481905148,-0.975566027,2.118800927,-0.049098757,-1.620685949,-1.234782996,-0.640613614,-0.412067514,-0.501550225,0.255165764,-0.703394562,0.104456406,-0.842444311,-1.377377926,0.184858415,-0.156589594,-1.525955184,-0.679604776,0.199462906,1.61752552,-0.608335967,1.911708831,2.706194502,-0.042409664,-0.805552644,-1.633669679,-0.135314969,-0.891392326,0.037598838,0.793608628,-0.656197169,-1.007699778,-1.004492073,-0.610451381,-0.681692928,-0.940858847,-0.268311916,-0.879961623,-0.496240426,-1.127033979,-0.550015694,0.904812515,0.677354267,2.991613511,1.902675418,0.37333267,-0.730237603,1.174744411
hsa.mir.3127,1.65015675,-0.79800096,-0.622368171,-0.859091455,0.676471473,0.65389969,-1.02704499,1.584176028,2.320368406,0.642187534,-1.266008728,-0.710971912,-1.123630356,0.211079977,-0.222471399,1.501049233,-1.377816587,-0.63000492,-0.502911078,1.907157748,-0.698667385,-0.300522669,0.352894913,-0.973259193,-1.432148184,1.422724425,-0.641439282,-1.2146039,0.475336936,0.177384266,-0.633313226,-1.558225152,0.479062927,-0.951204478,0.555833443,0.483475695,-0.406697849,0.037021075,-0.39550828,0.616990302,0.032279934,-1.035401259,-0.87246067,-0.222758263,-0.229636453,-0.116478148,-1.182966397,-0.802966107,0.982657701,-0.840055556
hsa.mir.3130.1,0.930343277,-0.807265859,0.950873327,0.945447242,0.285104402,0.708035468,0.296385177,-1.651674304,0.298380861,1.680973655,0.114902357,-1.440298489,0.145817716,-0.527113291,-1.020964149,0.775136869,-1.8184702,0.724394348,-0.812242278,2.187496809,-2.281991814,0.479557639,0.059160092,-0.504670028,-1.255128952,0.365779024,-0.262104379,-0.226220168,1.905133982,-0.680038965,-0.439821963,-1.201139802,-0.964649434,0.888890505,0.5079235,-0.59209828,-0.953500493,-0.744047287,0.224373211,-1.565148531,0.583538606,-0.669007303,-0.722370715,-0.32199718,-0.582676184,0.290222,-0.783658725,-0.330597623,-0.558089486,-0.52510326
hsa.mir.3130.2,0.461226084,-1.304198579,0.745811527,0.963072733,0.213112594,0.837348838,0.127073654,1.814260424,0.446474926,1.510807147,0.27449158,-0.989457828,-0.42752302,-0.364471338,-1.02153778,1.11769822,-0.351093789,0.411548451,-0.841008436,2.282177933,-1.337297031,0.848669742,-1.485240822,-0.707127619,-1.211715807,0.150465126,-0.324514111,0.091292451,1.371757359,-0.909453492,0.052334964,-0.150489898,-0.728307408,1.130450436,1.027093274,-0.878391335,-0.795452302,-1.071296335,0.209878949,-1.141045008,0.732206351,-0.861023816,-0.098229344,-0.154672012,-0.454013677,0.136492534,0.207926415,0.522535478,1.194313948,-1.744337189
hsa.mir.3150b,2.914253518,1.624789833,-0.897539953,-0.751209556,1.296745725,-0.525271621,0.548908574,-0.187870398,1.111807822,0.253533978,0.366321502,-1.01291701,-0.624318971,-1.211813148,-0.269056897,1.498376804,-0.603090084,-0.369697576,-1.678841622,-0.241188119,-0.725320941,1.19448758,0.155013113,1.308796412,-0.86161845,0.828363042,-0.597197022,1.4559838,0.468116748,-0.624244002,-1.266549472,-0.725169846,1.681584244,-1.122050399,0.395961949,-0.865048524,-1.437865347,-0.293954927,-0.305748771,-0.553741575,-0.181002272,2.184643503,-0.744808014,-0.595921916,-0.451295991,-0.127740156,-0.709624603,0.227383803,0.043846917,-0.832299146
hsa.mir.3170,-0.299107,-0.932171502,0.263320634,0.659121702,-0.300938295,-0.50678513,-0.480260292,-1.411744814,0.756193682,0.094036074,2.12588543,-0.979238797,-0.278020977,-0.41526014,-0.839784539,-1.137161109,-0.467432208,0.604861839,-0.590100698,-1.15540544,0.618302242,0.648762392,0.933872521,0.741762579,-0.890493315,-0.20441514,-0.417196726,-1.582931723,0.55568471,-0.285109371,-1.340408751,-0.421819283,0.444261423,1.290273261,-0.34247075,-0.833514275,-0.538662502,0.849759407,-0.437524422,0.160738867,-0.447647969,-0.797118606,-0.895565444,-1.168081461,-0.694144133,3.124878646,-1.210602763,-1.204885456,-1.288067832,-0.597221614
hsa.mir.32,-0.944613374,-0.843819425,-0.412591011,-0.53246345,-0.777100758,1.131985186,0.719957913,1.215390746,0.049251963,1.201828499,-0.078348005,-0.89819455,-2.311241352,-0.566308133,0.429351209,0.79845222,-1.187688732,1.131643421,-2.220178229,1.49468838,-0.11917168,1.009231731,0.408384921,1.107260013,-1.734453888,2.572914252,0.121250559,0.062495332,1.65602971,-2.178891194,-1.153853261,-0.046693277,0.165555159,-0.615266882,-1.061118438,-0.367558548,-0.836965866,0.573362863,0.034493943,0.830836863,-0.334110369,-0.201003636,-2.36730805,-0.766010073,-1.599013867,2.2477956,-0.751103109,0.193407804,0.778313359,0.063623226
hsa.mir.3200,1.161203282,-0.104753688,-0.789404083,-1.122259746,0.261301172,1.149697563,-0.997750617,-0.045719406,1.882025377,0.947889725,0.589492774,-0.512693153,-1.314345327,-0.925700049,0.370396036,1.637672128,-0.717603082,2.183917148,-1.040332944,-0.248941139,-0.612874019,0.893174666,-0.770871867,0.562016364,-0.704167247,2.329407888,-0.693979674,-0.063300389,1.911017665,-1.505232417,-0.94604015,-1.19994422,1.552790539,-1.114642388,-0.300287068,-0.671390163,0.634147413,-0.866226954,-1.184633049,1.090435062,0.052925381,0.447646844,-1.185609449,1.219878905,-0.526737305,-0.192747536,-0.688978788,0.822790825,-0.04636634,-1.108317271
hsa.mir.320a,1.297062427,-0.951870348,1.698658107,-1.324401486,0.138495672,0.306387964,-0.744036866,-1.993876243,0.448158104,1.662535867,-0.826822444,-1.796949659,-0.210204599,-0.842057131,0.219004504,0.304523297,-0.907523122,0.30118878,-1.774354509,-1.481997822,-0.54582447,-0.007608194,-1.218997793,-0.827239441,-0.190767571,-0.291676375,-0.692540382,-0.747285553,1.30218208,0.341308756,-2.388133451,0.632400161,0.294255701,-0.203057526,0.712936964,-1.102757247,-0.369851517,1.208043986,-0.791142161,-0.946580506,-0.370357739,-1.217238899,-0.866902879,-0.339655485,0.306477012,0.085472222,0.717108318,0.429920916,0.268414708,1.193257983
hsa.mir.320b.1,1.305070175,-2.392122391,0.582643283,-0.520610511,0.653240526,-0.087324377,1.427408742,-0.938083478,-0.048826495,2.095345744,-1.125612566,-1.408204669,-0.666178656,-0.16419988,0.068801167,-0.493622412,-0.376637516,1.191965014,-1.081402153,-0.868313926,-0.319148945,-0.418316346,0.086345685,-0.349685075,0.331130815,0.534188201,0.156168075,-1.783649922,1.084011002,-0.182674914,-1.812015543,-0.190574983,0.775073367,-0.83910885,0.277355474,-1.383993278,-0.203034862,-0.485626607,-1.324975227,-0.104055131,0.446733133,-0.500145805,-1.145987571,-1.313824811,-0.629392334,-1.044350469,-0.840062674,-0.035832109,0.680203791,-0.37712578
hsa.mir.320b.2,0.672343704,-1.480677752,0.355180351,-0.497458065,0.123068502,0.736698481,-1.278572687,-1.044457107,0.188816899,2.282637803,-1.346659096,-1.701618572,-1.251274267,-1.003911793,-0.818640868,0.973142476,-1.422574469,1.327852896,-1.276304215,-1.094663831,-0.706854733,0.175943362,0.032653278,-0.76634626,-0.604214597,0.869147893,0.33180578,-1.601861506,0.513063444,-1.603806707,-2.242714588,-0.169151975,0.31638602,0.009129105,-0.309079815,-0.159860215,-0.554853245,0.811686388,0.366696486,-0.932736131,-0.07359784,-1.021547687,-1.108643898,-0.524526973,-0.501829987,0.639588432,-0.926267118,0.62513005,-0.535379007,0.23910405
hsa.mir.323a,-0.404461657,0.126447648,0.308862935,-0.444782994,0.188827937,-0.151800095,1.573538559,-1.650777743,1.223605735,1.382383855,0.139976941,-0.099994714,-0.668753814,-0.09460549,1.200212891,-0.184944462,1.543037499,0.207966638,-0.740649302,-1.172213753,0.771122226,0.907655047,1.570456276,1.591286462,1.3266934,0.210285798,0.762749768,-1.494335259,0.081378875,-0.058139813,0.309788314,0.018852038,-0.083902514,-0.376564325,-0.10478952,0.272971988,-1.158428576,-0.762127946,-0.209043867,-0.17346612,0.06249316,-0.816462246,0.105222469,0.890096298,-0.03655693,0.051227804,1.391806354,1.746684308,0.583276619,0.280949344
hsa.mir.323b,0.592021006,-1.884282457,-0.624647198,0.369360077,-0.039158177,0.412362513,1.223726108,-0.50628576,-1.562608702,1.9662123,0.703509615,-0.804353385,-0.877153484,-1.372594209,-1.280415192,-1.737223042,-1.068626418,-0.502254222,0.016718665,-1.643384998,1.053475928,0.66992975,2.177422509,1.534404079,0.892072904,-1.88748181,0.000718101,-1.47044649,0.627688099,-1.823085591,-0.281514095,1.481764847,0.094356149,-0.636216465,-0.794145718,-0.636281583,-1.26386073,0.97044996,-0.221391205,0.680087013,0.782603599,-0.095892222,-0.362394139,-0.099790009,-0.557629375,0.258630869,-0.057765332,2.081101822,-0.106584277,-0.624415272
hsa.mir.324,-0.154483273,-0.052836851,-0.351907916,2.008915859,0.887492624,-1.047971094,-0.199088959,-0.419144362,1.579935907,0.912955019,-0.404583588,-1.068812177,-2.170930804,-0.292868306,0.259678342,1.461512845,-0.477264852,2.452660545,-0.972024722,0.303568193,-0.401281304,0.143442646,0.130910629,0.741337009,-0.481689681,0.962779699,-0.257822241,-2.511770701,1.192500069,-0.703737794,-0.17865149,0.376985247,0.220785259,-0.584857954,-0.575295636,-0.949364737,0.160557635,-1.137314909,-0.060268507,-0.471830953,-0.076041178,-1.134164114,-1.145430702,-0.861757725,-0.280630497,0.640125412,-0.540175931,0.457901136,0.796883154,-0.533578383
hsa.mir.326,-0.732620739,-1.412703106,-0.035586435,-1.611176696,-0.096510797,-0.581520496,-0.733255349,-0.224758958,0.420491504,0.736351106,0.143333494,-0.061957975,-1.419279179,-0.51401107,0.905646402,-0.308581804,-0.613655022,-0.496532073,-1.619591107,0.994309719,0.183724157,-0.393498785,-1.148936453,1.127240237,-0.985849765,0.763565323,0.482011346,-1.869618805,1.151410711,-1.528132521,-1.301061723,0.355015713,-0.468121385,-0.695947222,0.304400313,-0.484948694,0.478102437,-0.698476452,0.235938072,-0.208211266,-0.17074094,-0.302787788,-1.335684861,-0.79419487,-0.554745146,-0.280453917,0.392325132,0.493747927,1.076046548,-0.386465446
hsa.mir.328,1.12567243,-0.985129107,0.631355345,1.613841335,-0.876950399,0.893099169,-0.69070226,-0.436383496,1.934981082,-0.083855528,1.355754783,-1.206316689,-2.150258133,-0.074426579,-0.132347794,2.817294034,-0.069535096,0.541108761,0.200669946,-0.412452058,-0.572694625,-0.380682657,0.712458568,0.516301722,-0.847255696,2.019246028,-0.210162504,-2.661906752,2.272207595,-1.382355142,-0.938460699,0.203934439,0.069981991,-1.593104401,0.522388892,0.035408374,1.267574798,-1.828005464,-1.153134767,0.060036608,0.385921642,-1.869067669,-0.372322768,-0.409290084,-0.095993486,-0.82312163,0.329649942,0.438290903,1.967934222,-0.073873626
hsa.mir.330,-0.816283169,-0.605274938,0.524331039,1.092509036,0.223111314,-0.654207997,0.03333314,-0.596747771,1.028770098,0.449803185,-0.979722615,-0.79107384,-2.068118728,-0.916310244,1.322035506,-1.045100155,-1.079628029,1.667978824,-1.05297241,1.058445995,0.424575241,0.790624446,-1.591648853,-0.163277514,-1.234282401,1.747875721,-0.787711983,-0.635973778,0.810326265,-0.631545555,-0.192879874,-0.031131918,-0.469621378,-0.61310471,0.315876259,-0.655375469,0.371268275,0.269779169,0.518653127,-0.955109005,2.028808107,-0.145829318,-1.355783713,-0.980812765,-1.559502228,1.716717998,0.251258104,1.244269948,0.440437212,-0.474475785
hsa.mir.331,-0.378457593,-0.162330369,0.011277997,0.34621886,-1.407007017,-0.094970654,1.174109245,-0.65777797,1.230620004,-0.138664195,1.631124416,-0.097790716,-2.705941488,-0.365827776,0.144280317,0.43867376,-1.208363353,1.312134624,-1.564511798,1.15550835,0.63210724,-0.478134569,0.421257026,0.533151196,-0.88785895,0.351357867,0.462464367,-2.143463347,1.937162634,-1.583508413,-1.42462408,-0.081494275,0.664795118,-0.645123983,-0.548363478,0.564291058,0.776034997,-1.254343643,0.030077179,0.448061836,0.652149609,-1.242773677,-1.348036123,-1.35676542,-0.556314398,-0.522297101,-0.866973963,0.246853609,0.917891172,-1.016577299
hsa.mir.335,0.425231527,-0.988250146,0.272796129,-0.569067543,-1.733508612,-0.576520658,-2.569232077,0.301747933,0.188252512,1.312970073,-0.974028587,-0.412676717,-0.472303713,0.120240785,-0.752381274,-2.004391457,0.213061272,0.569668806,0.522113384,0.851556512,-1.471855199,1.196229263,1.127198503,0.443958317,-0.384392302,0.028413103,-0.834790065,-0.107930192,2.108920707,-1.216624805,-0.624860698,0.40596118,-0.09829714,-0.711888012,2.044776303,0.124793464,-1.531705627,0.539306229,-1.996226203,0.47300688,-0.145343964,0.828423708,0.700616843,0.745435023,-0.703172653,-2.366697816,0.567661504,1.374624988,0.650571008,-0.327828204
hsa.mir.337,-0.429264024,0.396711698,0.38189392,-1.386294882,0.084970177,-0.057278745,-0.130925006,0.181820688,-1.467638519,1.053423093,0.251883574,0.384470852,-0.107575933,-0.526705507,-1.481978134,-0.20898568,1.770106514,-0.233026838,-0.276137181,-0.62627194,-0.01135947,0.256624533,1.458840743,1.386799308,0.907970182,0.166582005,0.28692856,-0.290520467,0.30535461,-1.280765883,-0.167419248,1.691963953,-0.653757658,0.344511269,0.330689754,0.775381028,-0.786646344,-0.725829984,0.315330003,0.241462926,-0.065912974,-2.143200533,0.622742815,1.696998469,0.931942957,-0.334406368,2.060305216,1.616225838,0.085895132,0.506704344
hsa.mir.338,-0.421820269,-0.177819831,0.717284011,-0.204617778,-0.956001179,0.370107159,-0.472389882,-0.531696496,-1.145705929,0.427585908,-0.414658358,-0.055165837,-1.232386562,0.031405967,1.237888832,-0.025773852,-1.468796199,-0.29242546,1.447281927,1.822567643,1.147655186,0.468907567,-0.340999889,-0.093088543,0.453116315,0.336595871,-0.356590907,-0.830448117,-1.349855199,0.516876535,1.979039902,0.006258162,-0.93781826,0.345621735,0.399438184,-0.402079464,2.328926003,-0.599940228,-0.322127256,-0.399628639,-1.018447551,-0.909893104,-1.108122994,0.605317558,-1.616950497,-0.320339868,-0.362444286,0.61041449,1.230996988,-0.126213831
hsa.mir.339,0.305448579,-1.408659802,1.709170567,-0.066255345,-0.839764149,-0.287444213,1.446170255,-1.646691982,0.757287897,1.017216016,1.334016637,-0.491201709,-2.449187196,-0.979872359,-0.982167935,0.929310528,-0.751206999,1.870556746,-2.015671317,0.567140447,-0.193285329,0.169714835,0.139075615,0.91729867,-1.216929375,1.318469626,-0.321304405,-1.410814949,1.260692318,-1.310636754,-2.243950109,0.595066163,1.134080686,-0.320302193,0.335290888,-0.071749642,-0.761896683,-0.236443263,-1.269384206,0.297020836,-0.868203387,-2.70118711,-1.89036351,-0.47921526,-0.251794765,-0.470765074,-0.093171977,0.265946994,1.725402891,1.090824198
hsa.mir.33a,0.007423268,-0.609078539,-0.489976903,1.125178898,1.386353093,0.5792869,0.498260267,1.524920869,0.899789678,0.889046027,1.549504905,-0.831956263,-2.041848334,-0.880755915,-0.447462281,1.101563389,-1.150092665,1.574088929,-2.222268151,1.253351921,-0.647878021,0.409347114,-0.23813395,1.553072656,-0.711653668,0.702424743,0.479009121,-1.52964052,1.773834498,-1.695173114,-1.103550965,0.242356346,1.919764158,-1.403703744,-0.340745958,0.201902077,-0.582942206,-1.186851609,-0.930236431,0.80104178,-0.528596893,-1.188863209,-1.423998358,-1.350289595,-0.610637273,2.265616673,-0.581652118,-0.341329835,-0.018426094,-0.249449431
hsa.mir.33b,0.338018458,-0.655433824,0.688909384,0.428602515,-0.118825701,0.257545689,0.866525612,-0.249791034,-0.132057495,-0.153962964,0.629875662,-1.075449857,-2.094614208,-1.07365664,-0.983675638,0.310498958,-0.635611716,1.269089784,-1.987408345,-0.219329614,0.494880532,-1.084301725,-1.556773322,2.007774563,1.083664495,0.924334127,0.960570945,-1.9148351,0.973797425,-0.437029006,-1.459804558,0.587302709,0.524479023,-0.837590323,-1.058294997,-0.658598438,-0.065540069,0.786970192,-0.006975247,0.662247432,-0.422093573,-1.152309404,0.806609407,-1.050686034,-0.474361366,0.306895105,-1.045498437,-0.469418224,-0.933985515,-0.176914618
hsa.mir.340,-0.622828823,-0.216508152,0.169806562,-0.080279497,-1.029712303,-0.027210696,-0.623872363,0.13196015,-0.24159735,1.277386952,0.11458605,-0.506643779,-1.647709307,-0.241566065,0.532745289,0.451731333,-0.390876558,2.244013351,-0.207565493,-0.044067557,-0.070918507,-0.308492895,1.004182465,0.925846801,-0.596598054,0.831299736,-0.447032482,0.797178084,1.536793258,-1.344707467,0.056402793,-0.39309748,-0.009573493,-1.251266093,-1.921722705,0.189393043,-0.267348856,0.597875808,-0.802341146,0.493439494,-0.771471106,-0.789254182,-1.53806789,0.467585499,-1.403813047,1.057487571,-1.185875175,-0.541981141,0.094052701,0.140893025
hsa.mir.342,0.664645646,-0.35978225,0.343803537,-0.822976926,-0.515544296,-1.728706767,1.045272402,0.147247657,-0.248774729,-0.229219679,-0.658112827,-0.941289354,-1.697627824,0.026103837,0.905665582,-1.565834275,0.5337611,-0.375001234,0.850179407,-0.643689304,1.394756795,-0.245949434,-0.690409914,-0.029818692,-1.463859916,1.849681042,-1.352419272,-1.556362968,0.542522276,-0.452757455,-0.051262581,0.130925714,-0.324080635,-0.393646905,0.642680165,-0.062076946,0.01827774,0.219843392,0.620400939,-0.793532402,-0.454084312,-2.271859378,-1.295212322,0.079236352,-0.176367896,-0.113652702,-0.153315755,-0.27420494,1.107351816,0.18999528
hsa.mir.345,0.277188169,-1.351988347,-0.296993268,-0.110903395,1.432728748,-0.451087443,1.137246572,-0.252198831,1.592962083,0.559988515,1.18039599,-1.216570447,-2.555104762,-1.522164764,-0.8649209,0.689952553,-0.349491486,2.369201388,-1.556053631,-0.013764428,0.633617248,-0.098783522,0.188879976,0.752050315,-0.466354723,0.804682999,0.191538725,-1.540679856,0.642597468,-1.693474519,-1.663992435,0.436912081,-0.086131445,-0.502871776,-0.459055559,0.241373279,-0.096880589,-1.25496936,0.226454398,0.727109549,0.6519028,-0.924467262,-1.538445647,-0.998486011,-1.912540634,0.098200572,-0.278026317,0.332346601,0.158501745,-0.355570803
hsa.mir.34a,0.942363878,-0.739259128,1.010241148,0.93914388,-0.268052218,-0.631514269,1.603735472,-0.904763936,0.68654841,-1.107469833,1.274789157,-0.01736534,-2.101935083,-0.849517837,0.590648974,-0.275646293,-1.861116411,1.243337719,-1.688134386,-0.846903499,0.330045077,0.019795838,-0.22632155,0.964170873,1.313498644,2.2867818,0.560495299,-1.22446573,0.143206401,-0.75365615,-0.857376927,1.329402076,0.223515856,-1.846194524,0.122027828,0.623517044,-0.025046493,-0.743686411,-1.163645331,-0.502636364,-0.382793974,0.067120446,-1.092228432,1.392637656,1.029258519,1.502130099,0.74400828,-0.092049868,0.146496425,0.352340024
hsa.mir.34b,-0.205530877,-0.261533853,-1.19263857,-1.138115345,0.428051128,-0.486769943,2.136045878,-0.589595433,0.31324395,0.849603355,0.311520177,-0.353223678,-0.959775592,-1.162550149,0.098664893,-0.463871541,-0.608055188,4.318095703,-1.310627704,0.274196297,-0.298399417,-0.720783885,-0.854715131,0.088265253,0.966234378,-0.291518835,-0.556685932,-1.194072954,-0.839552304,-0.900837364,0.777224108,0.154752004,-1.476253512,-0.787641471,-0.150225647,0.717993824,-0.662624618,1.101451986,-0.253809748,-0.877138043,-1.149223642,-1.43749948,-0.460688956,0.441271889,-0.023335773,0.734834742,0.949203804,0.110020382,0.38698521,-0.640542869
hsa.mir.34c,-0.597938543,0.171444936,0.045543548,-0.889719658,0.947359274,-0.249989632,1.743989443,-0.103533102,-1.041287638,-0.20674324,-1.950881374,0.245717201,0.710947704,-0.935685182,-1.002929267,-0.676767007,-0.45982789,3.897313403,0.101375976,0.183628561,0.24978548,-0.439196805,-0.933445542,0.329538262,0.972240878,-0.69105368,-0.951749943,0.188681485,-0.593264767,-0.430710819,0.852451456,0.500949227,-1.33600965,0.321400867,0.980906917,0.743054177,-0.380496144,1.923584165,-0.413667497,-1.07325272,-1.003807717,-2.483949531,-0.108900605,0.903966132,0.53080981,0.280286268,1.304044964,-1.046914613,0.047324449,-0.040013816
hsa.mir.3605,-0.486035502,-0.702428808,1.514946632,-0.418975806,0.076142355,-0.482796688,-1.037956017,-2.103907607,1.691688929,1.206962298,-0.81402344,0.070431079,-0.995327159,0.04789852,-0.776716698,2.275906261,1.01407473,-0.00841894,-1.468274032,0.98564581,-1.289242244,-1.007684358,0.276145195,0.271466163,0.383170534,0.62753997,-0.615337363,1.179639545,1.199073457,-1.667850163,-0.737112898,-0.418799098,-0.01825631,-1.494269927,1.32905643,1.043812022,-0.237580746,-1.475071319,0.597558986,0.392475996,-0.587067621,-1.542422945,-1.464114368,-0.241523938,-1.048531683,1.961881361,-0.311802709,0.58964484,-0.55611506,0.208963466
,,,,,,,,,,,,,,,,,,,,,,,,,,,,,,,,,,,,,,,,,,,,,,,,,,
,,,,,,,,,,,,,,,,,,,,,,,,,,,,,,,,,,,,,,,,,,,,,,,,,,
,,,,,,,,,,,,,,,,,,,,,,,,,,,,,,,,,,,,,,,,,,,,,,,,,,
,,,,,,,,,,,,,,,,,,,,,,,,,,,,,,,,,,,,,,,,,,,,,,,,,,
,,,,,,,,,,,,,,,,,,,,,,,,,,,,,,,,,,,,,,,,,,,,,,,,,,
,,,,,,,,,,,,,,,,,,,,,,,,,,,,,,,,,,,,,,,,,,,,,,,,,,
,,,,,,,,,,,,,,,,,,,,,,,,,,,,,,,,,,,,,,,,,,,,,,,,,,
,,,,,,,,,,,,,,,,,,,,,,,,,,,,,,,,,,,,,,,,,,,,,,,,,,
,,,,,,,,,,,,,,,,,,,,,,,,,,,,,,,,,,,,,,,,,,,,,,,,,,
,,,,,,,,,,,,,,,,,,,,,,,,,,,,,,,,,,,,,,,,,,,,,,,,,,
,,,,,,,,,,,,,,,,,,,,,,,,,,,,,,,,,,,,,,,,,,,,,,,,,,
,,,,,,,,,,,,,,,,,,,,,,,,,,,,,,,,,,,,,,,,,,,,,,,,,,
,,,,,,,,,,,,,,,,,,,,,,,,,,,,,,,,,,,,,,,,,,,,,,,,,,
,,,,,,,,,,,,,,,,,,,,,,,,,,,,,,,,,,,,,,,,,,,,,,,,,,
,,,,,,,,,,,,,,,,,,,,,,,,,,,,,,,,,,,,,,,,,,,,,,,,,,
,,,,,,,,,,,,,,,,,,,,,,,,,,,,,,,,,,,,,,,,,,,,,,,,,,
,,,,,,,,,,,,,,,,,,,,,,,,,,,,,,,,,,,,,,,,,,,,,,,,,,
,,,,,,,,,,,,,,,,,,,,,,,,,,,,,,,,,,,,,,,,,,,,,,,,,,
,,,,,,,,,,,,,,,,,,,,,,,,,,,,,,,,,,,,,,,,,,,,,,,,,,
,,,,,,,,,,,,,,,,,,,,,,,,,,,,,,,,,,,,,,,,,,,,,,,,,,
,,,,,,,,,,,,,,,,,,,,,,,,,,,,,,,,,,,,,,,,,,,,,,,,,,
,,,,,,,,,,,,,,,,,,,,,,,,,,,,,,,,,,,,,,,,,,,,,,,,,,
,,,,,,,,,,,,,,,,,,,,,,,,,,,,,,,,,,,,,,,,,,,,,,,,,,
,,,,,,,,,,,,,,,,,,,,,,,,,,,,,,,,,,,,,,,,,,,,,,,,,,
,,,,,,,,,,,,,,,,,,,,,,,,,,,,,,,,,,,,,,,,,,,,,,,,,,
,,,,,,,,,,,,,,,,,,,,,,,,,,,,,,,,,,,,,,,,,,,,,,,,,,
,,,,,,,,,,,,,,,,,,,,,,,,,,,,,,,,,,,,,,,,,,,,,,,,,,
,,,,,,,,,,,,,,,,,,,,,,,,,,,,,,,,,,,,,,,,,,,,,,,,,,
,,,,,,,,,,,,,,,,,,,,,,,,,,,,,,,,,,,,,,,,,,,,,,,,,,
,,,,,,,,,,,,,,,,,,,,,,,,,,,,,,,,,,,,,,,,,,,,,,,,,,
,,,,,,,,,,,,,,,,,,,,,,,,,,,,,,,,,,,,,,,,,,,,,,,,,,
,,,,,,,,,,,,,,,,,,,,,,,,,,,,,,,,,,,,,,,,,,,,,,,,,,
,,,,,,,,,,,,,,,,,,,,,,,,,,,,,,,,,,,,,,,,,,,,,,,,,,
,,,,,,,,,,,,,,,,,,,,,,,,,,,,,,,,,,,,,,,,,,,,,,,,,,
,,,,,,,,,,,,,,,,,,,,,,,,,,,,,,,,,,,,,,,,,,,,,,,,,,
,,,,,,,,,,,,,,,,,,,,,,,,,,,,,,,,,,,,,,,,,,,,,,,,,,
,,,,,,,,,,,,,,,,,,,,,,,,,,,,,,,,,,,,,,,,,,,,,,,,,,
,,,,,,,,,,,,,,,,,,,,,,,,,,,,,,,,,,,,,,,,,,,,,,,,,,
,,,,,,,,,,,,,,,,,,,,,,,,,,,,,,,,,,,,,,,,,,,,,,,,,,
,,,,,,,,,,,,,,,,,,,,,,,,,,,,,,,,,,,,,,,,,,,,,,,,,,
,,,,,,,,,,,,,,,,,,,,,,,,,,,,,,,,,,,,,,,,,,,,,,,,,,
,,,,,,,,,,,,,,,,,,,,,,,,,,,,,,,,,,,,,,,,,,,,,,,,,,
,,,,,,,,,,,,,,,,,,,,,,,,,,,,,,,,,,,,,,,,,,,,,,,,,,
,,,,,,,,,,,,,,,,,,,,,,,,,,,,,,,,,,,,,,,,,,,,,,,,,,
,,,,,,,,,,,,,,,,,,,,,,,,,,,,,,,,,,,,,,,,,,,,,,,,,,
,,,,,,,,,,,,,,,,,,,,,,,,,,,,,,,,,,,,,,,,,,,,,,,,,,
,,,,,,,,,,,,,,,,,,,,,,,,,,,,,,,,,,,,,,,,,,,,,,,,,,
,,,,,,,,,,,,,,,,,,,,,,,,,,,,,,,,,,,,,,,,,,,,,,,,,,
,,,,,,,,,,,,,,,,,,,,,,,,,,,,,,,,,,,,,,,,,,,,,,,,,,
,,,,,,,,,,,,,,,,,,,,,,,,,,,,,,,,,,,,,,,,,,,,,,,,,,
,,,,,,,,,,,,,,,,,,,,,,,,,,,,,,,,,,,,,,,,,,,,,,,,,,
,,,,,,,,,,,,,,,,,,,,,,,,,,,,,,,,,,,,,,,,,,,,,,,,,,
,,,,,,,,,,,,,,,,,,,,,,,,,,,,,,,,,,,,,,,,,,,,,,,,,,
,,,,,,,,,,,,,,,,,,,,,,,,,,,,,,,,,,,,,,,,,,,,,,,,,,
,,,,,,,,,,,,,,,,,,,,,,,,,,,,,,,,,,,,,,,,,,,,,,,,,,
,,,,,,,,,,,,,,,,,,,,,,,,,,,,,,,,,,,,,,,,,,,,,,,,,,
,,,,,,,,,,,,,,,,,,,,,,,,,,,,,,,,,,,,,,,,,,,,,,,,,,
,,,,,,,,,,,,,,,,,,,,,,,,,,,,,,,,,,,,,,,,,,,,,,,,,,
,,,,,,,,,,,,,,,,,,,,,,,,,,,,,,,,,,,,,,,,,,,,,,,,,,
,,,,,,,,,,,,,,,,,,,,,,,,,,,,,,,,,,,,,,,,,,,,,,,,,,
,,,,,,,,,,,,,,,,,,,,,,,,,,,,,,,,,,,,,,,,,,,,,,,,,,
,,,,,,,,,,,,,,,,,,,,,,,,,,,,,,,,,,,,,,,,,,,,,,,,,,
,,,,,,,,,,,,,,,,,,,,,,,,,,,,,,,,,,,,,,,,,,,,,,,,,,
,,,,,,,,,,,,,,,,,,,,,,,,,,,,,,,,,,,,,,,,,,,,,,,,,,
,,,,,,,,,,,,,,,,,,,,,,,,,,,,,,,,,,,,,,,,,,,,,,,,,,
,,,,,,,,,,,,,,,,,,,,,,,,,,,,,,,,,,,,,,,,,,,,,,,,,,
,,,,,,,,,,,,,,,,,,,,,,,,,,,,,,,,,,,,,,,,,,,,,,,,,,
,,,,,,,,,,,,,,,,,,,,,,,,,,,,,,,,,,,,,,,,,,,,,,,,,,
,,,,,,,,,,,,,,,,,,,,,,,,,,,,,,,,,,,,,,,,,,,,,,,,,,
,,,,,,,,,,,,,,,,,,,,,,,,,,,,,,,,,,,,,,,,,,,,,,,,,,
,,,,,,,,,,,,,,,,,,,,,,,,,,,,,,,,,,,,,,,,,,,,,,,,,,
,,,,,,,,,,,,,,,,,,,,,,,,,,,,,,,,,,,,,,,,,,,,,,,,,,
,,,,,,,,,,,,,,,,,,,,,,,,,,,,,,,,,,,,,,,,,,,,,,,,,,
,,,,,,,,,,,,,,,,,,,,,,,,,,,,,,,,,,,,,,,,,,,,,,,,,,
,,,,,,,,,,,,,,,,,,,,,,,,,,,,,,,,,,,,,,,,,,,,,,,,,,
,,,,,,,,,,,,,,,,,,,,,,,,,,,,,,,,,,,,,,,,,,,,,,,,,,
,,,,,,,,,,,,,,,,,,,,,,,,,,,,,,,,,,,,,,,,,,,,,,,,,,
,,,,,,,,,,,,,,,,,,,,,,,,,,,,,,,,,,,,,,,,,,,,,,,,,,
,,,,,,,,,,,,,,,,,,,,,,,,,,,,,,,,,,,,,,,,,,,,,,,,,,
,,,,,,,,,,,,,,,,,,,,,,,,,,,,,,,,,,,,,,,,,,,,,,,,,,
,,,,,,,,,,,,,,,,,,,,,,,,,,,,,,,,,,,,,,,,,,,,,,,,,,
,,,,,,,,,,,,,,,,,,,,,,,,,,,,,,,,,,,,,,,,,,,,,,,,,,
,,,,,,,,,,,,,,,,,,,,,,,,,,,,,,,,,,,,,,,,,,,,,,,,,,
,,,,,,,,,,,,,,,,,,,,,,,,,,,,,,,,,,,,,,,,,,,,,,,,,,
,,,,,,,,,,,,,,,,,,,,,,,,,,,,,,,,,,,,,,,,,,,,,,,,,,
,,,,,,,,,,,,,,,,,,,,,,,,,,,,,,,,,,,,,,,,,,,,,,,,,,
,,,,,,,,,,,,,,,,,,,,,,,,,,,,,,,,,,,,,,,,,,,,,,,,,,
,,,,,,,,,,,,,,,,,,,,,,,,,,,,,,,,,,,,,,,,,,,,,,,,,,
,,,,,,,,,,,,,,,,,,,,,,,,,,,,,,,,,,,,,,,,,,,,,,,,,,
,,,,,,,,,,,,,,,,,,,,,,,,,,,,,,,,,,,,,,,,,,,,,,,,,,
,,,,,,,,,,,,,,,,,,,,,,,,,,,,,,,,,,,,,,,,,,,,,,,,,,
,,,,,,,,,,,,,,,,,,,,,,,,,,,,,,,,,,,,,,,,,,,,,,,,,,
,,,,,,,,,,,,,,,,,,,,,,,,,,,,,,,,,,,,,,,,,,,,,,,,,,
,,,,,,,,,,,,,,,,,,,,,,,,,,,,,,,,,,,,,,,,,,,,,,,,,,
,,,,,,,,,,,,,,,,,,,,,,,,,,,,,,,,,,,,,,,,,,,,,,,,,,
,,,,,,,,,,,,,,,,,,,,,,,,,,,,,,,,,,,,,,,,,,,,,,,,,,
,,,,,,,,,,,,,,,,,,,,,,,,,,,,,,,,,,,,,,,,,,,,,,,,,,
,,,,,,,,,,,,,,,,,,,,,,,,,,,,,,,,,,,,,,,,,,,,,,,,,,
,,,,,,,,,,,,,,,,,,,,,,,,,,,,,,,,,,,,,,,,,,,,,,,,,,
,,,,,,,,,,,,,,,,,,,,,,,,,,,,,,,,,,,,,,,,,,,,,,,,,,
,,,,,,,,,,,,,,,,,,,,,,,,,,,,,,,,,,,,,,,,,,,,,,,,,,
,,,,,,,,,,,,,,,,,,,,,,,,,,,,,,,,,,,,,,,,,,,,,,,,,,
,,,,,,,,,,,,,,,,,,,,,,,,,,,,,,,,,,,,,,,,,,,,,,,,,,
,,,,,,,,,,,,,,,,,,,,,,,,,,,,,,,,,,,,,,,,,,,,,,,,,,
,,,,,,,,,,,,,,,,,,,,,,,,,,,,,,,,,,,,,,,,,,,,,,,,,,
,,,,,,,,,,,,,,,,,,,,,,,,,,,,,,,,,,,,,,,,,,,,,,,,,,
,,,,,,,,,,,,,,,,,,,,,,,,,,,,,,,,,,,,,,,,,,,,,,,,,,
,,,,,,,,,,,,,,,,,,,,,,,,,,,,,,,,,,,,,,,,,,,,,,,,,,
,,,,,,,,,,,,,,,,,,,,,,,,,,,,,,,,,,,,,,,,,,,,,,,,,,
,,,,,,,,,,,,,,,,,,,,,,,,,,,,,,,,,,,,,,,,,,,,,,,,,,
,,,,,,,,,,,,,,,,,,,,,,,,,,,,,,,,,,,,,,,,,,,,,,,,,,
,,,,,,,,,,,,,,,,,,,,,,,,,,,,,,,,,,,,,,,,,,,,,,,,,,
,,,,,,,,,,,,,,,,,,,,,,,,,,,,,,,,,,,,,,,,,,,,,,,,,,
,,,,,,,,,,,,,,,,,,,,,,,,,,,,,,,,,,,,,,,,,,,,,,,,,,
,,,,,,,,,,,,,,,,,,,,,,,,,,,,,,,,,,,,,,,,,,,,,,,,,,
,,,,,,,,,,,,,,,,,,,,,,,,,,,,,,,,,,,,,,,,,,,,,,,,,,
,,,,,,,,,,,,,,,,,,,,,,,,,,,,,,,,,,,,,,,,,,,,,,,,,,
,,,,,,,,,,,,,,,,,,,,,,,,,,,,,,,,,,,,,,,,,,,,,,,,,,
,,,,,,,,,,,,,,,,,,,,,,,,,,,,,,,,,,,,,,,,,,,,,,,,,,
,,,,,,,,,,,,,,,,,,,,,,,,,,,,,,,,,,,,,,,,,,,,,,,,,,
,,,,,,,,,,,,,,,,,,,,,,,,,,,,,,,,,,,,,,,,,,,,,,,,,,
,,,,,,,,,,,,,,,,,,,,,,,,,,,,,,,,,,,,,,,,,,,,,,,,,,
,,,,,,,,,,,,,,,,,,,,,,,,,,,,,,,,,,,,,,,,,,,,,,,,,,
,,,,,,,,,,,,,,,,,,,,,,,,,,,,,,,,,,,,,,,,,,,,,,,,,,
,,,,,,,,,,,,,,,,,,,,,,,,,,,,,,,,,,,,,,,,,,,,,,,,,,
,,,,,,,,,,,,,,,,,,,,,,,,,,,,,,,,,,,,,,,,,,,,,,,,,,
,,,,,,,,,,,,,,,,,,,,,,,,,,,,,,,,,,,,,,,,,,,,,,,,,,
,,,,,,,,,,,,,,,,,,,,,,,,,,,,,,,,,,,,,,,,,,,,,,,,,,
,,,,,,,,,,,,,,,,,,,,,,,,,,,,,,,,,,,,,,,,,,,,,,,,,,
,,,,,,,,,,,,,,,,,,,,,,,,,,,,,,,,,,,,,,,,,,,,,,,,,,
,,,,,,,,,,,,,,,,,,,,,,,,,,,,,,,,,,,,,,,,,,,,,,,,,,
,,,,,,,,,,,,,,,,,,,,,,,,,,,,,,,,,,,,,,,,,,,,,,,,,,
,,,,,,,,,,,,,,,,,,,,,,,,,,,,,,,,,,,,,,,,,,,,,,,,,,
,,,,,,,,,,,,,,,,,,,,,,,,,,,,,,,,,,,,,,,,,,,,,,,,,,
,,,,,,,,,,,,,,,,,,,,,,,,,,,,,,,,,,,,,,,,,,,,,,,,,,
,,,,,,,,,,,,,,,,,,,,,,,,,,,,,,,,,,,,,,,,,,,,,,,,,,
,,,,,,,,,,,,,,,,,,,,,,,,,,,,,,,,,,,,,,,,,,,,,,,,,,
,,,,,,,,,,,,,,,,,,,,,,,,,,,,,,,,,,,,,,,,,,,,,,,,,,
,,,,,,,,,,,,,,,,,,,,,,,,,,,,,,,,,,,,,,,,,,,,,,,,,,
,,,,,,,,,,,,,,,,,,,,,,,,,,,,,,,,,,,,,,,,,,,,,,,,,,
,,,,,,,,,,,,,,,,,,,,,,,,,,,,,,,,,,,,,,,,,,,,,,,,,,
,,,,,,,,,,,,,,,,,,,,,,,,,,,,,,,,,,,,,,,,,,,,,,,,,,
,,,,,,,,,,,,,,,,,,,,,,,,,,,,,,,,,,,,,,,,,,,,,,,,,,
,,,,,,,,,,,,,,,,,,,,,,,,,,,,,,,,,,,,,,,,,,,,,,,,,,
,,,,,,,,,,,,,,,,,,,,,,,,,,,,,,,,,,,,,,,,,,,,,,,,,,
,,,,,,,,,,,,,,,,,,,,,,,,,,,,,,,,,,,,,,,,,,,,,,,,,,
,,,,,,,,,,,,,,,,,,,,,,,,,,,,,,,,,,,,,,,,,,,,,,,,,,
,,,,,,,,,,,,,,,,,,,,,,,,,,,,,,,,,,,,,,,,,,,,,,,,,,
,,,,,,,,,,,,,,,,,,,,,,,,,,,,,,,,,,,,,,,,,,,,,,,,,,
,,,,,,,,,,,,,,,,,,,,,,,,,,,,,,,,,,,,,,,,,,,,,,,,,,
,,,,,,,,,,,,,,,,,,,,,,,,,,,,,,,,,,,,,,,,,,,,,,,,,,
,,,,,,,,,,,,,,,,,,,,,,,,,,,,,,,,,,,,,,,,,,,,,,,,,,
,,,,,,,,,,,,,,,,,,,,,,,,,,,,,,,,,,,,,,,,,,,,,,,,,,
,,,,,,,,,,,,,,,,,,,,,,,,,,,,,,,,,,,,,,,,,,,,,,,,,,
,,,,,,,,,,,,,,,,,,,,,,,,,,,,,,,,,,,,,,,,,,,,,,,,,,
,,,,,,,,,,,,,,,,,,,,,,,,,,,,,,,,,,,,,,,,,,,,,,,,,,
,,,,,,,,,,,,,,,,,,,,,,,,,,,,,,,,,,,,,,,,,,,,,,,,,,
,,,,,,,,,,,,,,,,,,,,,,,,,,,,,,,,,,,,,,,,,,,,,,,,,,
,,,,,,,,,,,,,,,,,,,,,,,,,,,,,,,,,,,,,,,,,,,,,,,,,,
,,,,,,,,,,,,,,,,,,,,,,,,,,,,,,,,,,,,,,,,,,,,,,,,,,
,,,,,,,,,,,,,,,,,,,,,,,,,,,,,,,,,,,,,,,,,,,,,,,,,,
,,,,,,,,,,,,,,,,,,,,,,,,,,,,,,,,,,,,,,,,,,,,,,,,,,
,,,,,,,,,,,,,,,,,,,,,,,,,,,,,,,,,,,,,,,,,,,,,,,,,,
,,,,,,,,,,,,,,,,,,,,,,,,,,,,,,,,,,,,,,,,,,,,,,,,,,
,,,,,,,,,,,,,,,,,,,,,,,,,,,,,,,,,,,,,,,,,,,,,,,,,,
,,,,,,,,,,,,,,,,,,,,,,,,,,,,,,,,,,,,,,,,,,,,,,,,,,
